{
    "reusePaths": {
        "amcQw_d": {
            "icPath": "csrc"
        },
        "reYIK_d": {
            "icPath": "csrc"
        },
        "Qr8Lq_d": {
            "icPath": "csrc"
        }
    },
    "Modules": {
        "...MASTER...": {
            "start_perf": [
                0.20734381675720215,
                0.030193999999999999,
                0.032307000000000002,
                212248,
                225244,
                1664624598.8009689,
                44638676087239
            ],
            "child_modules": {
                "std": 1,
                "tb_fcaa2": 1
            },
            "end_perf": [
                0.21050000190734863,
                0.030193999999999999,
                0.033574,
                213664,
                225244,
                44638686175971,
                0,
                0
            ],
            "nRouts": 5,
            "nMops": 0,
            "nQuads": 0
        },
        "std": {
            "start_perf": [
                0.21055889129638672,
                0.030193999999999999,
                0.033633999999999997,
                213664,
                225244,
                1664624598.804184,
                44638686349040
            ],
            "child_modules": {},
            "nQuads": 218,
            "nMops": 472,
            "nRouts": 33,
            "Compiled": "Yes",
            "Compiled Times": 4,
            "end_perf": [
                0.21238183975219727,
                0.030193999999999999,
                0.035456000000000001,
                213664,
                225244,
                44638692193213,
                8589934594,
                0
            ],
            "svclass": [
                "$vcs_nba_dyn_obj",
                0,
                37,
                2,
                2,
                0,
                "sigprop$$",
                0,
                37,
                2,
                2,
                0,
                "process",
                0,
                184,
                8,
                8,
                0,
                "event",
                0,
                36,
                2,
                2,
                0,
                "mailbox",
                0,
                107,
                9,
                9,
                0,
                "semaphore",
                0,
                71,
                5,
                5,
                0
            ]
        },
        "tb_fcaa2": {
            "start_perf": [
                0.21241402626037598,
                0.030193999999999999,
                0.035489,
                213664,
                225244,
                1664624598.8060391,
                44638692257765
            ],
            "child_modules": {},
            "nRouts": 18,
            "nMops": 511,
            "nQuads": 205,
            "Compiled": "Yes",
            "Compiled Times": 4,
            "end_perf": [
                0.23444485664367676,
                0.036275000000000002,
                0.036275000000000002,
                215972,
                225244,
                44638762646785,
                17179869185,
                0
            ]
        }
    },
    "CompUnits": {},
    "ObjArchives": [
        {
            "archive": "archive.3/_29430_archive_1.a",
            "objects": [
                [
                    "amcQwB.o",
                    105612
                ]
            ],
            "size": 105612
        }
    ],
    "stat": {
        "ru_self_end": {
            "ru_maxrss_kb": 113828,
            "ru_utime_sec": 0.037025000000000002,
            "ru_minflt": 10147,
            "ru_stime_sec": 0.039602999999999999,
            "ru_majflt": 5,
            "ru_nvcsw": 43,
            "ru_nivcsw": 11
        },
        "ru_childs_end": {
            "ru_maxrss_kb": 105368,
            "ru_utime_sec": 0.014468999999999999,
            "ru_minflt": 6399,
            "ru_stime_sec": 0.028693,
            "ru_majflt": 0,
            "ru_nvcsw": 25,
            "ru_nivcsw": 17
        },
        "cpu_cycles_end": 44638775581363,
        "peak_mem_kb": 225244
    }
}