{
    "Modules": {
        "...MASTER...": {
            "nRouts": 5,
            "start_perf": [
                0.19803786277770996,
                0.027498999999999999,
                0.039121000000000003,
                212240,
                225236,
                1663487249.909879,
                1342401375524493
            ],
            "child_modules": {
                "std": 1,
                "tb_fcaa2": 1
            },
            "end_perf": [
                0.20354080200195312,
                0.027498999999999999,
                0.041875999999999997,
                213660,
                225236,
                1342401393186255,
                0,
                0
            ],
            "nQuads": 0,
            "nMops": 0
        },
        "std": {
            "nRouts": 33,
            "Compiled": "Yes",
            "start_perf": [
                0.20423388481140137,
                0.027498999999999999,
                0.042039,
                213660,
                225236,
                1663487249.916075,
                1342401395471270
            ],
            "child_modules": {},
            "Compiled Times": 3,
            "end_perf": [
                0.20798492431640625,
                0.027498999999999999,
                0.045705999999999997,
                213660,
                225236,
                1342401407357081,
                8589934594,
                0
            ],
            "nQuads": 218,
            "svclass": [
                "$vcs_nba_dyn_obj",
                0,
                37,
                2,
                2,
                0,
                "sigprop$$",
                0,
                37,
                2,
                2,
                0,
                "process",
                0,
                184,
                8,
                8,
                0,
                "event",
                0,
                36,
                2,
                2,
                0,
                "mailbox",
                0,
                107,
                9,
                9,
                0,
                "semaphore",
                0,
                71,
                5,
                5,
                0
            ],
            "nMops": 472
        },
        "tb_fcaa2": {
            "nRouts": 18,
            "Compiled": "Yes",
            "start_perf": [
                0.20804286003112793,
                0.027498999999999999,
                0.045763999999999999,
                213660,
                225236,
                1663487249.919884,
                1342401407470764
            ],
            "child_modules": {},
            "Compiled Times": 3,
            "end_perf": [
                0.21778297424316406,
                0.031482999999999997,
                0.051159000000000003,
                219188,
                225236,
                1342401438597910,
                17179869185,
                0
            ],
            "nQuads": 205,
            "nMops": 511
        }
    },
    "CompUnits": {
        "Qr8Lq_d": {
            "mod": "tb_fcaa2",
            "archive": "archive.2/_254005_archive_1.a",
            "out": "Qr8Lq_d.o",
            "bytes": 13626,
            "text": 3731,
            "mode": 4,
            "checksum": 0
        }
    },
    "reusePaths": {
        "amcQw_d": {
            "icPath": "csrc"
        },
        "reYIK_d": {
            "icPath": "csrc"
        }
    },
    "stat": {
        "ru_self_end": {
            "ru_utime_sec": 0.034063000000000003,
            "ru_stime_sec": 0.051832999999999997,
            "ru_maxrss_kb": 114888,
            "ru_minflt": 10305,
            "ru_nivcsw": 115,
            "ru_majflt": 0,
            "ru_nvcsw": 38
        },
        "ru_childs_end": {
            "ru_utime_sec": 0.032673000000000001,
            "ru_stime_sec": 0.014926,
            "ru_maxrss_kb": 105652,
            "ru_minflt": 6394,
            "ru_nivcsw": 22,
            "ru_majflt": 0,
            "ru_nvcsw": 26
        },
        "cpu_cycles_end": 1342401450718416,
        "peak_mem_kb": 225236
    },
    "ObjArchives": [
        {
            "archive": "archive.2/_254005_archive_1.a",
            "size": 119318,
            "objects": [
                [
                    "Qr8Lq_d.o",
                    13626
                ],
                [
                    "amcQwB.o",
                    105692
                ]
            ]
        }
    ]
}