{
    "cpu_cycles_pass2_start": 6793124067503,
    "MlibObjs": {},
    "LVLData": [
        "SIM"
    ],
    "CurCompileUdps": {},
    "cycles_program_begin": 6792592410108,
    "perf": [
        {
            "stat": [
                "main",
                "entry",
                0.011944055557250977,
                0.023855999999999999,
                0.0079520000000000007,
                200664,
                200664,
                0.0,
                0.0,
                1669472086.804847,
                6792592618302
            ],
            "sub": [
                {
                    "stat": [
                        "doParsingAndDesignResolution",
                        "entry",
                        0.12893295288085938,
                        0.031577000000000001,
                        0.0087209999999999996,
                        209612,
                        210412,
                        0.0,
                        0.0,
                        1669472086.9218359,
                        6792966008656
                    ],
                    "sub": []
                },
                {
                    "stat": [
                        "doParsingAndDesignResolution",
                        "exit",
                        0.13141703605651855,
                        0.031577000000000001,
                        0.011205,
                        209956,
                        210604,
                        0.0,
                        0.0,
                        1669472086.92432,
                        6792973941536
                    ],
                    "sub": []
                },
                {
                    "stat": [
                        "doPostDesignResolutionToVir2Vcs",
                        "entry",
                        0.13162493705749512,
                        0.031577000000000001,
                        0.011414000000000001,
                        209956,
                        210604,
                        0.0,
                        0.0,
                        1669472086.9245279,
                        6792974589395
                    ],
                    "sub": [
                        {
                            "stat": [
                                "doUptoVir2VcsNoSepCleanup",
                                "entry",
                                0.13328003883361816,
                                0.032552999999999999,
                                0.012093,
                                211236,
                                211236,
                                0.0,
                                0.0,
                                1669472086.926183,
                                6792979875036
                            ],
                            "sub": []
                        },
                        {
                            "stat": [
                                "doUptoVir2VcsNoSepCleanup",
                                "exit",
                                0.15372204780578613,
                                0.034914000000000001,
                                0.019397000000000001,
                                212920,
                                225256,
                                0.0066689999999999996,
                                0.0039760000000000004,
                                1669472086.946625,
                                6793045164021
                            ],
                            "sub": []
                        },
                        {
                            "stat": [
                                "doRadify_vir2vcsAll",
                                "entry",
                                0.15376710891723633,
                                0.034944000000000003,
                                0.019413,
                                212920,
                                225256,
                                0.0066689999999999996,
                                0.0039760000000000004,
                                1669472086.9466701,
                                6793045240431
                            ],
                            "sub": []
                        },
                        {
                            "stat": [
                                "doRadify_vir2vcsAll",
                                "exit",
                                0.15616297721862793,
                                0.036483000000000002,
                                0.020268000000000001,
                                213836,
                                225256,
                                0.0066689999999999996,
                                0.0039760000000000004,
                                1669472086.9490659,
                                6793052938292
                            ],
                            "sub": []
                        }
                    ]
                },
                {
                    "stat": [
                        "doPostDesignResolutionToVir2Vcs",
                        "exit",
                        0.15619301795959473,
                        0.036503000000000001,
                        0.020278999999999998,
                        213836,
                        225256,
                        0.0066689999999999996,
                        0.0039760000000000004,
                        1669472086.949096,
                        6793052979103
                    ],
                    "sub": []
                },
                {
                    "stat": [
                        "doGAToPass2",
                        "entry",
                        0.1562039852142334,
                        0.036511000000000002,
                        0.020282999999999999,
                        213836,
                        225256,
                        0.0066689999999999996,
                        0.0039760000000000004,
                        1669472086.9491069,
                        6793053009947
                    ],
                    "sub": [
                        {
                            "stat": [
                                "DoPass2",
                                "entry",
                                0.17843914031982422,
                                0.037404,
                                0.02078,
                                212280,
                                225256,
                                0.02111,
                                0.010555999999999999,
                                1669472086.9713421,
                                6793124057359
                            ],
                            "sub": []
                        },
                        {
                            "stat": [
                                "DoPass2",
                                "exit",
                                0.19625496864318848,
                                0.053440000000000001,
                                0.020806999999999999,
                                220648,
                                225256,
                                0.022856999999999999,
                                0.010555999999999999,
                                1669472086.9891579,
                                6793180882665
                            ],