{
    "Modules": {
        "std": {
            "svclass": [
                "$vcs_nba_dyn_obj",
                0,
                37,
                2,
                2,
                0,
                "sigprop$$",
                0,
                37,
                2,
                2,
                0,
                "process",
                0,
                184,
                8,
                8,
                0,
                "event",
                0,
                36,
                2,
                2,
                0,
                "mailbox",
                0,
                107,
                9,
                9,
                0,
                "semaphore",
                0,
                71,
                5,
                5,
                0
            ],
            "start_perf": [
                0.18661308288574219,
                0.033051999999999998,
                0.033051999999999998,
                213728,
                225256,
                1667101645.0759571,
                25180631575655
            ],
            "child_modules": {},
            "Compiled Times": 3,
            "nMops": 472,
            "Compiled": "Yes",
            "end_perf": [
                0.18860197067260742,
                0.035025000000000001,
                0.033051999999999998,
                213728,
                225256,
                25180637961549,
                8589934594,
                0
            ],
            "nQuads": 218,
            "nRouts": 33
        },
        "...MASTER...": {
            "start_perf": [
                0.18339109420776367,
                0.032391999999999997,
                0.032391999999999997,
                212276,
                225256,
                1667101645.0727351,
                25180621288099
            ],
            "nRouts": 5,
            "nMops": 0,
            "child_modules": {
                "std": 1,
                "tb_add": 1
            },
            "end_perf": [
                0.186553955078125,
                0.033022000000000003,
                0.033022000000000003,
                213728,
                225256,
                25180631400850,
                0,
                0
            ],
            "nQuads": 0
        },
        "tb_add": {
            "start_perf": [
                0.18863892555236816,
                0.035062999999999997,
                0.033051999999999998,
                213728,
                225256,
                1667101645.0779829,
                25180638028867
            ],
            "nRouts": 40,
            "nMops": 1833,
            "Compiled Times": 3,
            "child_modules": {},
            "Compiled": "Yes",
            "end_perf": [
                0.19770598411560059,
                0.040620999999999997,
                0.036559000000000001,
                217096,
                225256,
                25180667035943,
                21474836481,
                0
            ],
            "nQuads": 695
        }
    },
    "CompUnits": {
        "tTEZu_d": {
            "bytes": 22104,
            "mod": "tb_add",
            "out": "tTEZu_d.o",
            "text": 8614,
            "mode": 4,
            "archive": "archive.2/_24860_archive_1.a",
            "checksum": 0
        }
    },
    "reusePaths": {
        "amcQw_d": {
            "icPath": "csrc"
        },
        "reYIK_d": {
            "icPath": "csrc"
        }
    },
    "ObjArchives": [
        {
            "objects": [
                [
                    "tTEZu_d.o",
                    22104
                ],
                [
                    "amcQwB.o",
                    105774
                ]
            ],
            "archive": "archive.2/_24860_archive_1.a",
            "size": 127878
        }
    ],
    "stat": {
        "ru_self_end": {
            "ru_stime_sec": 0.037192000000000003,
            "ru_utime_sec": 0.044009,
            "ru_nivcsw": 30,
            "ru_nvcsw": 43,
            "ru_maxrss_kb": 112740,
            "ru_minflt": 9827,
            "ru_majflt": 1
        },
        "peak_mem_kb": 225256,
        "ru_childs_end": {
            "ru_stime_sec": 0.014425,
            "ru_utime_sec": 0.02019,
            "ru_nivcsw": 1,
            "ru_nvcsw": 26,
            "ru_maxrss_kb": 105652,
            "ru_minflt": 5170,
            "ru_majflt": 0
        },
        "cpu_cycles_end": 25180679782703
    }
}