{
    "PEModules": [],
    "stat": {
        "nQuads": 308,
        "ru_self_cgstart": {
            "ru_utime_sec": 0.040524999999999999,
            "ru_minflt": 8716,
            "ru_stime_sec": 0.024315,
            "ru_nvcsw": 42,
            "ru_maxrss_kb": 105512,
            "ru_nivcsw": 3,
            "ru_majflt": 0
        },
        "cpu_cycles_end": 134672610050808,
        "totalObjSize": 116836,
        "ru_childs_cgstart": {
            "ru_utime_sec": 0.021784999999999999,
            "ru_minflt": 4944,
            "ru_stime_sec": 0.011549,
            "ru_nvcsw": 25,
            "ru_maxrss_kb": 105512,
            "ru_nivcsw": 1,
            "ru_majflt": 0
        },
        "nMops": 669,
        "cpu_cycles_cgstart": 134672498182224,
        "mop/quad": 2.1720779220779223,
        "ru_self_end": {
            "ru_utime_sec": 0.050872000000000001,
            "ru_minflt": 9791,
            "ru_stime_sec": 0.035872000000000001,
            "ru_nvcsw": 45,
            "ru_maxrss_kb": 112276,
            "ru_nivcsw": 4,
            "ru_majflt": 1
        },
        "cpu_cycles_total": 647312541,
        "quadSpeed": 29767.082246061655,
        "ru_childs_end": {
            "ru_utime_sec": 0.021784999999999999,
            "ru_minflt": 5171,
            "ru_stime_sec": 0.0134,
            "ru_nvcsw": 26,
            "ru_maxrss_kb": 105512,
            "ru_nivcsw": 1,
            "ru_majflt": 0
        },
        "realTime": 0.21489095687866211,
        "Frontend(%)": 85.759114744621996,
        "mopSpeed": 64656.422151348204,
        "outputSizePerQuad": 379.33766233766232,
        "CodeGen(%)": 14.240885255378011,
        "peak_mem_kb": 225232
    },
    "cycles_program_begin": 134671962738267,
    "perf": [
        {
            "stat": [
                "main",
                "entry",
                0.012125968933105469,
                0.023383999999999999,
                0.011691999999999999,
                200668,
                200668,
                0.0,
                0.0,
                1667135946.771666,
                134671962996867
            ],
            "sub": [
                {
                    "stat": [
                        "doParsingAndDesignResolution",
                        "entry",
                        0.12635684013366699,
                        0.030360000000000002,
                        0.013804,
                        209612,
                        210412,
                        0.0,
                        0.0,
                        1667135946.8858969,
                        134672327573607
                    ],
                    "sub": []
                },
                {
                    "stat": [
                        "doParsingAndDesignResolution",
                        "exit",
                        0.12910890579223633,
                        0.030360000000000002,
                        0.016555,
                        209940,
                        210588,
                        0.0,
                        0.0,
                        1667135946.888649,
                        134672336455018
                    ],
                    "sub": []
                },
                {
                    "stat": [
                        "doPostDesignResolutionToVir2Vcs",
                        "entry",
                        0.12948489189147949,
                        0.030360000000000002,
                        0.016931000000000002,
                        209940,
                        210588,
                        0.0,
                        0.0,
                        1667135946.889025,
                        134672337553342
                    ],
                    "sub": [
                        {
                            "stat": [
                                "doUptoVir2VcsNoSepCleanup",
                                "entry",
                                0.13134002685546875,
                                0.030360000000000002,
                                0.018787000000000002,
                                211104,
                                211104,
                                0.0,
                                0.0,
                                1667135946.8908801,
                                134672343469749
                            ],
                            "sub": []
                        },
                        {
                            "stat": [
                                "doUptoVir2VcsNoSepCleanup",
                                "exit",
                                0.15447092056274414,
                                0.035809000000000001,
                                0.023872000000000001,
                                212896,
                                225232,
                                0.0077190000000000002,
                                0.0050670000000000003,
                                1667135946.914011,
                                134672417360196
                            ],
                            "sub": []
                        },
                        {
                            "stat": [
                                "doRadify_vir2vcsAll",
                                "entry",
                                0.15452480316162109,
                                0.035841999999999999,
                                0.023895,
                                212896,
                                225232,
                                0.0077190000000000002,
                                0.0050670000000000003,
                                1667135946.9140649,
                                134672417448030
                            ],
                            "sub": []
                        },
                        {
                            "stat": [
                                "doRadify_vir2vcsAll",
                                "exit",
                                0.15788793563842773,
                                0.039204000000000003,
                                0.023895,
                                213792,
                                225232,
                                0.0077190000000000002,
                                0.0050670000000000003,
                                1667135946.917428,
                                134672428274025
                            ],
                            "sub": []
                        }
                    ]
                },
                {
                    "stat": [
                        "doPostDesignResolutionToVir2Vcs",
                        "exit",
                        0.15793299674987793,
                        0.03925,
                        0.023895,
                        213792,
                        225232,
                        0.0077190000000000002,
                        0.0050670000000000003,
                        1667135946.9174731,
                        134672428320271
                    ],
                    "sub": []
                },
                {
                    "stat": [
                        "doGAToPass2",
                        "entry",
                        0.1579439640045166,
                        0.039261999999999998,
                        0.023895,
                        213792,
                        225232,
                        0.0077190000000000002,
                        0.0050670000000000003,
                        1667135946.917484,
                        134672428349698
                    ],