{
    "stat": {
        "ru_childs_end": {
            "ru_utime_sec": 0.023359999999999999,
            "ru_stime_sec": 0.010231000000000001,
            "ru_nivcsw": 0,
            "ru_maxrss_kb": 105732,
            "ru_majflt": 0,
            "ru_minflt": 5171,
            "ru_nvcsw": 26
        },
        "ru_self_cgstart": {
            "ru_utime_sec": 0.033647000000000003,
            "ru_stime_sec": 0.029440999999999998,
            "ru_nivcsw": 8,
            "ru_maxrss_kb": 105732,
            "ru_majflt": 0,
            "ru_minflt": 8715,
            "ru_nvcsw": 42
        },
        "peak_mem_kb": 224540,
        "cpu_cycles_cgstart": 135107086482205,
        "ru_childs_cgstart": {
            "ru_utime_sec": 0.021576000000000001,
            "ru_stime_sec": 0.010231000000000001,
            "ru_nivcsw": 0,
            "ru_maxrss_kb": 105732,
            "ru_majflt": 0,
            "ru_minflt": 4944,
            "ru_nvcsw": 25
        },
        "nMops": 638,
        "nQuads": 303,
        "ru_self_end": {
            "ru_utime_sec": 0.045442999999999997,
            "ru_stime_sec": 0.031255999999999999,
            "ru_nivcsw": 9,
            "ru_maxrss_kb": 112220,
            "ru_majflt": 0,
            "ru_minflt": 9774,
            "ru_nvcsw": 44
        },
        "totalObjSize": 116500,
        "cpu_cycles_end": 135107135576848,
        "Frontend(%)": 80.262488554278164,
        "cpu_cycles_total": 580636979,
        "mopSpeed": 46980.854197349057,
        "mop/quad": 2.1056105610561056,
        "realTime": 0.19363903999328613,
        "quadSpeed": 22312.22385861562,
        "CodeGen(%)": 19.737511445721836,
        "outputSizePerQuad": 384.48844884488449
    },
    "PrevCompiledModules": {
        "std": {
            "reYIK_d": {
                "bytes": 35164,
                "mod": "std",
                "archive": "archive.3/_prev_archive_1.a",
                "checksum": 0,
                "mode": 4,
                "out": "reYIK_d.o"
            }
        },
        "...MASTER...": {
            "amcQw_d": {
                "bytes": 7652,
                "mod": "...MASTER...",
                "checksum": 0,
                "mode": 4,
                "out": "objs/amcQw_d.o"
            }
        },
        "tb_d": {
            "nfZs4_d": {
                "bytes": 10910,
                "mod": "tb_d",
                "out": "nfZs4_d.o",
                "archive": "archive.3/_49911_archive_1.a",
                "checksum": 0,
                "mode": 4
            }
        }
    },
    "LVLData": [
        "SIM"
    ],
    "perf": [
        {
            "stat": [
                "main",
                "entry",
                0.011766910552978516,
                0.025023,
                0.0083409999999999995,
                200668,
                200668,
                0.0,
                0.0,
                1667136082.9217529,
                135106555528911
            ],
            "sub": [
                {
                    "stat": [
                        "doParsingAndDesignResolution",
                        "entry",
                        0.12810492515563965,
                        0.028289000000000002,
                        0.016164999999999999,
                        209612,
                        210412,
                        0.0,
                        0.0,
                        1667136083.0380909,
                        135106926501254
                    ],
                    "sub": []
                },
                {
                    "stat": [
                        "doParsingAndDesignResolution",
                        "exit",
                        0.13054800033569336,
                        0.029845,
                        0.017054,
                        209940,
                        210588,
                        0.0,
                        0.0,
                        1667136083.040534,
                        135106934320489
                    ],
                    "sub": []
                },
                {
                    "stat": [
                        "doPostDesignResolutionToVir2Vcs",
                        "entry",
                        0.13084101676940918,
                        0.030030999999999999,
                        0.017160000000000002,
                        209940,
                        210588,
                        0.0,
                        0.0,
                        1667136083.040827,
                        135106935233377
                    ],
                    "sub": [
                        {
                            "stat": [
                                "doUptoVir2VcsNoSepCleanup",
                                "entry",
                                0.13263392448425293,
                                0.030030999999999999,
                                0.018953000000000001,
                                211104,
                                211104,
                                0.0,
                                0.0,
                                1667136083.0426199,
                                135106940959557
                            ],
                            "sub": []
                        },
                        {
                            "stat": [
                                "doUptoVir2VcsNoSepCleanup",
                                "exit",
                                0.15349388122558594,
                                0.033367000000000001,
                                0.025024999999999999,
                                212204,
                                224540,
                                0.0073109999999999998,
                                0.004248,
                                1667136083.0634799,
                                135107007582414
                            ],
                            "sub": []
                        },
                        {
                            "stat": [
                                "doRadify_vir2vcsAll",
                                "entry",
                                0.15354204177856445,
                                0.033396000000000002,
                                0.025047,
                                212204,
                                224540,
                                0.0073109999999999998,
                                0.004248,
                                1667136083.0635281,
                                135107007665448
                            ],
                            "sub": []
                        },
                        {
                            "stat": [
                                "doRadify_vir2vcsAll",
                                "exit",
                                0.15671300888061523,
                                0.033396000000000002,
                                0.028216000000000001,
                                213756,
                                224540,
                                0.0073109999999999998,
                                0.004248,
                                1667136083.066699,
                                135107017861321
                            ],
                            "sub": []
                        }
                    ]
                },
                {
                    "stat": [
                        "doPostDesignResolutionToVir2Vcs",
                        "exit",
                        0.15675187110900879,
                        0.033396000000000002,
                        0.028256,
                        213756,
                        224540,
                        0.0073109999999999998,
                        0.004248,
                        1667136083.0667379,
                        135107017904705
                    ],