{
    "Modules": {
        "...MASTER...": {
            "nQuads": 0,
            "child_modules": {
                "std": 1,
                "tb_d": 1
            },
            "start_perf": [
                0.17827200889587402,
                0.033662999999999998,
                0.029454999999999999,
                212200,
                224540,
                1667136083.088258,
                135107086611796
            ],
            "end_perf": [
                0.18140387535095215,
                0.034391999999999999,
                0.030093000000000002,
                213664,
                224540,
                135107096638025,
                0,
                0
            ],
            "nMops": 0,
            "nRouts": 5
        },
        "std": {
            "nQuads": 218,
            "start_perf": [
                0.18146991729736328,
                0.034428,
                0.030124000000000001,
                213664,
                224540,
                1667136083.0914559,
                135107096820017
            ],
            "child_modules": {},
            "Compiled": "Yes",
            "Compiled Times": 4,
            "end_perf": [
                0.18389892578125,
                0.035721999999999997,
                0.031255999999999999,
                213664,
                224540,
                135107104843681,
                8589934594,
                0
            ],
            "svclass": [
                "$vcs_nba_dyn_obj",
                0,
                37,
                2,
                2,
                0,
                "sigprop$$",
                0,
                37,
                2,
                2,
                0,
                "process",
                0,
                184,
                8,
                8,
                0,
                "event",
                0,
                36,
                2,
                2,
                0,
                "mailbox",
                0,
                107,
                9,
                9,
                0,
                "semaphore",
                0,
                71,
                5,
                5,
                0
            ],
            "nMops": 472,
            "nRouts": 33
        },
        "tb_d": {
            "nQuads": 85,
            "child_modules": {},
            "start_perf": [
                0.18408393859863281,
                0.035909999999999997,
                0.031255999999999999,
                213664,
                224540,
                1667136083.09407,
                135107105198068
            ],
            "Compiled": "Yes",
            "Compiled Times": 4,
            "end_perf": [
                0.18929409980773926,
                0.041119000000000003,
                0.031255999999999999,
                217060,
                224540,
                135107121833476,
                17179869185,
                0
            ],
            "nMops": 166,
            "nRouts": 18
        }
    },
    "stat": {
        "ru_self_end": {
            "ru_utime_sec": 0.045248999999999998,
            "ru_stime_sec": 0.031255999999999999,
            "ru_nivcsw": 9,
            "ru_maxrss_kb": 112220,
            "ru_majflt": 0,
            "ru_minflt": 9774,
            "ru_nvcsw": 44
        },
        "peak_mem_kb": 224540,
        "ru_childs_end": {
            "ru_utime_sec": 0.023359999999999999,
            "ru_stime_sec": 0.010231000000000001,
            "ru_nivcsw": 0,
            "ru_maxrss_kb": 105732,
            "ru_majflt": 0,
            "ru_minflt": 5171,
            "ru_nvcsw": 26
        },
        "cpu_cycles_end": 135107134962138
    },
    "CompUnits": {
        "nfZs4_d": {
            "mod": "tb_d",
            "out": "nfZs4_d.o",
            "bytes": 10666,
            "text": 1502,
            "archive": "archive.3/_49911_archive_1.a",
            "checksum": 0,
            "mode": 4
        }
    },
    "reusePaths": {
        "amcQw_d": {
            "icPath": "csrc"
        },
        "reYIK_d": {
            "icPath": "csrc"
        }
    },
    "ObjArchives": [
        {
            "archive": "archive.3/_49911_archive_1.a",
            "objects": [
                [
                    "nfZs4_d.o",
                    10666
                ],
                [
                    "amcQwB.o",
                    105834
                ]
            ],
            "size": 116500
        }
    ]
}