{
    "stat": {
        "ru_self_end": {
            "ru_utime_sec": 0.019453000000000002,
            "ru_nivcsw": 27,
            "ru_maxrss_kb": 111688,
            "ru_stime_sec": 0.13017799999999999,
            "ru_minflt": 9348,
            "ru_nvcsw": 468,
            "ru_majflt": 499
        },
        "ru_childs_end": {
            "ru_utime_sec": 0.033896999999999997,
            "ru_nivcsw": 4,
            "ru_maxrss_kb": 105032,
            "ru_stime_sec": 0.0061659999999999996,
            "ru_minflt": 6393,
            "ru_nvcsw": 26,
            "ru_majflt": 0
        },
        "cpu_cycles_end": 1003913168856769,
        "peak_mem_kb": 224528
    },
    "ObjArchives": [
        {
            "archive": "archive.2/_206911_archive_1.a",
            "objects": [
                [
                    "amcQwB.o",
                    105612
                ]
            ],
            "size": 105612
        }
    ],
    "Modules": {
        "tb_xorfunc": {
            "nRouts": 19,
            "Compiled Times": 3,
            "Compiled": "Yes",
            "start_perf": [
                2.2510161399841309,
                0.019453000000000002,
                0.123158,
                213680,
                224528,
                1663381207.3923221,
                1003912985617579
            ],
            "child_modules": {},
            "nMops": 159,
            "nQuads": 109,
            "end_perf": [
                2.2657539844512939,
                0.019453000000000002,
                0.12576899999999999,
                214068,
                224528,
                1003913032719703,
                17179869185,
                0
            ]
        },
        "...MASTER...": {
            "nRouts": 5,
            "start_perf": [
                2.0389370918273926,
                0.019453000000000002,
                0.112273,
                212240,
                224528,
                1663381207.180243,
                1003912308732386
            ],
            "child_modules": {
                "std": 1,
                "tb_xorfunc": 1
            },
            "nMops": 0,
            "nQuads": 0,
            "end_perf": [
                2.1425561904907227,
                0.019453000000000002,
                0.11686199999999999,
                213680,
                224528,
                1003912639488125,
                0,
                0
            ]
        },
        "std": {
            "Compiled Times": 3,
            "nRouts": 33,
            "start_perf": [
                2.142657995223999,
                0.019453000000000002,
                0.116964,
                213680,
                224528,
                1663381207.2839639,
                1003912639751753
            ],
            "Compiled": "Yes",
            "child_modules": {},
            "nMops": 472,
            "end_perf": [
                2.2509491443634033,
                0.019453000000000002,
                0.12309100000000001,
                213680,
                224528,
                1003912985530110,
                8589934594,
                0
            ],
            "nQuads": 218,
            "svclass": [
                "$vcs_nba_dyn_obj",
                0,
                37,
                2,
                2,
                0,
                "sigprop$$",
                0,
                37,
                2,
                2,
                0,
                "process",
                0,
                184,
                8,
                8,
                0,
                "event",
                0,
                36,
                2,
                2,
                0,
                "mailbox",
                0,
                107,
                9,
                9,
                0,
                "semaphore",
                0,
                71,
                5,
                5,
                0
            ]
        }
    },
    "CompUnits": {},
    "reusePaths": {
        "amcQw_d": {
            "icPath": "csrc"
        },
        "reYIK_d": {
            "icPath": "csrc"
        },
        "e5I45_d": {
            "icPath": "csrc"
        }
    }
}