{
    "Modules": {
        "...MASTER...": {
            "start_perf": [
                0.2110588550567627,
                0.039189000000000002,
                0.03048,
                212244,
                225248,
                1663486416.791194,
                1339742054996535
            ],
            "child_modules": {
                "tb_fcaa": 1,
                "std": 1
            },
            "end_perf": [
                0.21532988548278809,
                0.039663999999999998,
                0.031731000000000002,
                213696,
                225248,
                1339742068685783,
                0,
                0
            ],
            "nQuads": 0,
            "nMops": 0,
            "nRouts": 5
        },
        "tb_fcaa": {
            "Compiled": "Yes",
            "start_perf": [
                0.21762800216674805,
                0.040940999999999998,
                0.032752999999999997,
                213696,
                225248,
                1663486416.7977631,
                1339742075944043
            ],
            "child_modules": {},
            "Compiled Times": 4,
            "end_perf": [
                0.22896480560302734,
                0.043956000000000002,
                0.032752999999999997,
                213980,
                225248,
                1339742112257452,
                17179869185,
                0
            ],
            "nQuads": 476,
            "nMops": 1221,
            "nRouts": 30
        },
        "std": {
            "start_perf": [
                0.21541285514831543,
                0.039711000000000003,
                0.031767999999999998,
                213696,
                225248,
                1663486416.795548,
                1339742068890166
            ],
            "Compiled": "Yes",
            "child_modules": {},
            "Compiled Times": 4,
            "end_perf": [
                0.21758890151977539,
                0.040918999999999997,
                0.032735,
                213696,
                225248,
                1339742075879157,
                8589934594,
                0
            ],
            "svclass": [
                "$vcs_nba_dyn_obj",
                0,
                37,
                2,
                2,
                0,
                "sigprop$$",
                0,
                37,
                2,
                2,
                0,
                "process",
                0,
                184,
                8,
                8,
                0,
                "event",
                0,
                36,
                2,
                2,
                0,
                "mailbox",
                0,
                107,
                9,
                9,
                0,
                "semaphore",
                0,
                71,
                5,
                5,
                0
            ],
            "nMops": 472,
            "nQuads": 218,
            "nRouts": 33
        }
    },
    "CompUnits": {},
    "reusePaths": {
        "amcQw_d": {
            "icPath": "csrc"
        },
        "reYIK_d": {
            "icPath": "csrc"
        },
        "Q8IAS_d": {
            "icPath": "csrc"
        }
    },
    "ObjArchives": [
        {
            "objects": [
                [
                    "amcQwB.o",
                    105788
                ]
            ],
            "archive": "archive.3/_251878_archive_1.a",
            "size": 105788
        }
    ],
    "stat": {
        "peak_mem_kb": 225248,
        "ru_self_end": {
            "ru_utime_sec": 0.045102000000000003,
            "ru_stime_sec": 0.041001999999999997,
            "ru_maxrss_kb": 112136,
            "ru_minflt": 9638,
            "ru_nivcsw": 94,
            "ru_majflt": 0,
            "ru_nvcsw": 39
        },
        "ru_childs_end": {
            "ru_utime_sec": 0.034665000000000001,
            "ru_stime_sec": 0.018898000000000002,
            "ru_maxrss_kb": 105732,
            "ru_minflt": 6393,
            "ru_nivcsw": 28,
            "ru_majflt": 0,
            "ru_nvcsw": 28
        },
        "cpu_cycles_end": 1339742142561265
    }
}