{
    "stat": {
        "ru_self_cgstart": {
            "ru_minflt": 9346,
            "ru_maxrss_kb": 109996,
            "ru_utime_sec": 0.072551000000000004,
            "ru_stime_sec": 0.025606,
            "ru_majflt": 0,
            "ru_nvcsw": 42,
            "ru_nivcsw": 7
        },
        "quadSpeed": 66768.187668824001,
        "ru_childs_cgstart": {
            "ru_minflt": 4956,
            "ru_maxrss_kb": 109996,
            "ru_utime_sec": 0.017453,
            "ru_stime_sec": 0.012876,
            "ru_majflt": 0,
            "ru_nvcsw": 25,
            "ru_nivcsw": 0
        },
        "cpu_cycles_cgstart": 1223399262659124,
        "nMops": 9533,
        "nQuads": 3683,
        "outputSizePerQuad": 70.265544393157754,
        "totalObjSize": 258788,
        "ru_self_end": {
            "ru_minflt": 11662,
            "ru_maxrss_kb": 123136,
            "ru_utime_sec": 0.125889,
            "ru_stime_sec": 0.029745000000000001,
            "ru_majflt": 0,
            "ru_nvcsw": 44,
            "ru_nivcsw": 9
        },
        "Frontend(%)": 62.001171081183493,
        "ru_childs_end": {
            "ru_minflt": 5184,
            "ru_maxrss_kb": 109996,
            "ru_utime_sec": 0.019276000000000001,
            "ru_stime_sec": 0.012876,
            "ru_majflt": 0,
            "ru_nvcsw": 26,
            "ru_nivcsw": 0
        },
        "cpu_cycles_end": 1223399451997001,
        "cpu_cycles_total": 832423157,
        "mopSpeed": 172821.3774224543,
        "mop/quad": 2.5883790388270431,
        "CodeGen(%)": 37.998828918816514,
        "peak_mem_kb": 227040,
        "realTime": 0.27267217636108398
    },
    "cycles_program_begin": 1223398619573844,
    "MlibObjs": {},
    "SIMBData": {
        "bytes": 108792,
        "out": "amcQwB.o",
        "archive": "archive.4/_244817_archive_1.a",
        "text": 0
    },
    "perf": [
        {
            "stat": [
                "main",
                "entry",
                0.011918067932128906,
                0.031401999999999999,
                0.0039249999999999997,
                200664,
                200664,
                0.0,
                0.0,
                1677209538.071265,
                1223398619844338
            ],
            "sub": [
                {
                    "stat": [
                        "doParsingAndDesignResolution",
                        "entry",
                        0.12854313850402832,
                        0.035032000000000001,
                        0.0087580000000000002,
                        209612,
                        210412,
                        0.0,
                        0.0,
                        1677209538.1878901,
                        1223398992052480
                    ],
                    "sub": []
                },
                {
                    "stat": [
                        "doParsingAndDesignResolution",
                        "exit",
                        0.13703203201293945,
                        0.041142999999999999,
                        0.011135000000000001,
                        210656,
                        211304,
                        0.0,
                        0.0,
                        1677209538.1963789,
                        1223399019202989
                    ],
                    "sub": []
                },
                {
                    "stat": [
                        "doPostDesignResolutionToVir2Vcs",
                        "entry",
                        0.13734197616577148,
                        0.041142999999999999,
                        0.011446,
                        210656,
                        211304,
                        0.0,
                        0.0,
                        1677209538.1966889,
                        1223399020271890
                    ],
                    "sub": [
                        {
                            "stat": [
                                "doUptoVir2VcsNoSepCleanup",
                                "entry",
                                0.14380598068237305,
                                0.044676,
                                0.014342000000000001,
                                211924,
                                215892,
                                0.0,
                                0.0,
                                1677209538.2031529,
                                1223399040816815
                            ],
                            "sub": []
                        },
                        {
                            "stat": [
                                "doUptoVir2VcsNoSepCleanup",
                                "exit",
                                0.18875408172607422,
                                0.067707000000000003,
                                0.025389999999999999,
                                226648,
                                226648,
                                0.0077730000000000004,
                                0.003006,
                                1677209538.248101,
                                1223399184275197
                            ],
                            "sub": []
                        },
                        {
                            "stat": [
                                "doRadify_vir2vcsAll",
                                "entry",
                                0.18880009651184082,
                                0.067741999999999997,
                                0.025402999999999998,
                                226648,
                                226648,
                                0.0077730000000000004,
                                0.003006,
                                1677209538.248147,
                                1223399184354912
                            ],
                            "sub": []
                        },
                        {
                            "stat": [
                                "doRadify_vir2vcsAll",
                                "exit",
                                0.19226598739624023,
                                0.071207000000000006,
                                0.025402999999999998,
                                226648,
                                226648,
                                0.0077730000000000004,
                                0.003006,
                                1677209538.2516129,
                                1223399195468168
                            ],
                            "sub": []
                        }
                    ]
                },
                {
                    "stat": [
                        "doPostDesignResolutionToVir2Vcs",
                        "exit",
                        0.19229507446289062,
                        0.071236999999999995,
                        0.025402999999999998,
                        226648,
                        226648,
                        0.0077730000000000004,
                        0.003006,
                        1677209538.251642,
                        1223399195507770
                    ],
                    "sub": []
                },
                {
                    "stat": [
                        "doGAToPass2",
                        "entry",
                        0.1923060417175293,
                        0.071248000000000006,
                        0.025402999999999998,
                        226648,
                        226648,
                        0.0077730000000000004,
                        0.003006,
                        1677209538.251653,
                        1223399195541850
                    ],