{
    "Modules": {
        "...MASTER...": {
            "start_perf": [
                0.20682191848754883,
                0.067741999999999997,
                0.022713000000000001,
                225092,
                226648,
                1677209844.4230909,
                1224376496620870
            ],
            "child_modules": {
                "sramc_top_tb": 1,
                "std": 1
            },
            "end_perf": [
                0.21041607856750488,
                0.067741999999999997,
                0.024413000000000001,
                225092,
                226648,
                1224376508136171,
                0,
                0
            ],
            "nRouts": 5,
            "nQuads": 0,
            "nMops": 0
        },
        "std": {
            "start_perf": [
                0.21049594879150391,
                0.067741999999999997,
                0.024493000000000001,
                225092,
                226648,
                1677209844.426765,
                1224376508350998
            ],
            "child_modules": {},
            "Compiled": "Yes",
            "Compiled Times": 6,
            "end_perf": [
                0.2127530574798584,
                0.067741999999999997,
                0.026749999999999999,
                225092,
                226648,
                1224376515584493,
                8589934594,
                0
            ],
            "svclass": [
                "$vcs_nba_dyn_obj",
                0,
                37,
                2,
                2,
                0,
                "sigprop$$",
                0,
                37,
                2,
                2,
                0,
                "process",
                0,
                184,
                8,
                8,
                0,
                "event",
                0,
                36,
                2,
                2,
                0,
                "mailbox",
                0,
                107,
                9,
                9,
                0,
                "semaphore",
                0,
                71,
                5,
                5,
                0
            ],
            "nQuads": 218,
            "nMops": 472,
            "nRouts": 33
        },
        "sram_bist_0000": {
            "start_perf": [
                0.21278786659240723,
                0.067741999999999997,
                0.026786000000000001,
                225092,
                226648,
                1677209844.4290569,
                1224376515649171
            ],
            "Compiled": "Yes",
            "child_modules": {},
            "Compiled Times": 6,
            "end_perf": [
                0.22769689559936523,
                0.080960000000000004,
                0.028336,
                225092,
                226648,
                1224376563311861,
                21474836481,
                0
            ],
            "nRouts": 141,
            "nQuads": 2244,
            "nMops": 6342
        },
        "sramc_top_tb": {
            "start_perf": [
                0.2277369499206543,
                0.080990999999999994,
                0.028347000000000001,
                225092,
                226648,
                1677209844.444006,
                1224376563365972
            ],
            "Compiled": "Yes",
            "child_modules": {
                "sram_bist_0000": 8
            },
            "Compiled Times": 2,
            "end_perf": [
                0.24151992797851562,
                0.090287000000000006,
                0.032830999999999999,
                227040,
                227040,
                1224376607433987,
                38654705665,
                0
            ],
            "nRouts": 99,
            "nQuads": 1023,
            "nMops": 2306
        }
    },
    "CompUnits": {
        "Z6IET_d": {
            "mod": "sramc_top_tb",
            "out": "Z6IET_d.o",
            "checksum": 0,
            "bytes": 36524,
            "text": 13594,
            "mode": 4,
            "archive": "archive.5/_245696_archive_1.a"
        }
    },
    "reusePaths": {
        "amcQw_d": {
            "icPath": "csrc"
        },
        "reYIK_d": {
            "icPath": "csrc"
        },
        "Ni29q_d": {
            "icPath": "csrc"
        }
    },
    "stat": {
        "ru_self_end": {
            "ru_maxrss_kb": 123228,
            "ru_stime_sec": 0.035622000000000001,
            "ru_utime_sec": 0.092602000000000004,
            "ru_minflt": 11744,
            "ru_nivcsw": 4,
            "ru_majflt": 0,
            "ru_nvcsw": 43
        },
        "peak_mem_kb": 227040,
        "cpu_cycles_end": 1224376623635043,
        "ru_childs_end": {
            "ru_maxrss_kb": 110840,
            "ru_stime_sec": 0.0023890000000000001,
            "ru_utime_sec": 0.029828,
            "ru_minflt": 5184,
            "ru_nivcsw": 0,
            "ru_majflt": 0,
            "ru_nvcsw": 27
        }
    },
    "ObjArchives": [
        {
            "objects": [
                [
                    "Z6IET_d.o",
                    36524
                ],
                [
                    "amcQwB.o",
                    107916
                ]
            ],
            "archive": "archive.5/_245696_archive_1.a",
            "size": 144440
        }
    ]
}