{
    "Modules": {
        "...MASTER...": {
            "nRouts": 5,
            "start_perf": [
                0.21410298347473145,
                0.019174,
                0.042181000000000003,
                212260,
                224548,
                1663469878.8121359,
                1286952715343432
            ],
            "nMops": 0,
            "child_modules": {
                "std": 1,
                "tb_traffic_lights": 1
            },
            "end_perf": [
                0.21712112426757812,
                0.019174,
                0.043263000000000003,
                213284,
                224548,
                1286952724993851,
                0,
                0
            ],
            "nQuads": 0
        },
        "std": {
            "start_perf": [
                0.21718311309814453,
                0.019174,
                0.043325000000000002,
                213284,
                224548,
                1663469878.8152161,
                1286952725168738
            ],
            "Compiled Times": 3,
            "child_modules": {},
            "nMops": 472,
            "Compiled": "Yes",
            "end_perf": [
                0.21950793266296387,
                0.020452999999999999,
                0.044316000000000001,
                213668,
                224548,
                1286952732687254,
                8589934594,
                0
            ],
            "svclass": [
                "$vcs_nba_dyn_obj",
                0,
                37,
                2,
                2,
                0,
                "sigprop$$",
                0,
                37,
                2,
                2,
                0,
                "process",
                0,
                184,
                8,
                8,
                0,
                "event",
                0,
                36,
                2,
                2,
                0,
                "mailbox",
                0,
                107,
                9,
                9,
                0,
                "semaphore",
                0,
                71,
                5,
                5,
                0
            ],
            "nQuads": 218,
            "nRouts": 33
        },
        "tb_traffic_lights": {
            "nRouts": 26,
            "Compiled Times": 3,
            "start_perf": [
                0.21956610679626465,
                0.020472000000000001,
                0.044357000000000001,
                213668,
                224548,
                1663469878.8175991,
                1286952732765331
            ],
            "nMops": 228,
            "child_modules": {},
            "Compiled": "Yes",
            "end_perf": [
                0.22847414016723633,
                0.024577999999999999,
                0.049156999999999999,
                216036,
                224548,
                1286952761271681,
                17179869185,
                0
            ],
            "nQuads": 150
        }
    },
    "reusePaths": {
        "amcQw_d": {
            "icPath": "csrc"
        },
        "reYIK_d": {
            "icPath": "csrc"
        },
        "sNQD2_d": {
            "icPath": "csrc"
        }
    },
    "CompUnits": {},
    "ObjArchives": [
        {
            "archive": "archive.2/_241121_archive_1.a",
            "objects": [
                [
                    "amcQwB.o",
                    105744
                ]
            ],
            "size": 105744
        }
    ],
    "stat": {
        "cpu_cycles_end": 1286952780143503,
        "ru_childs_end": {
            "ru_nvcsw": 28,
            "ru_utime_sec": 0.028541,
            "ru_maxrss_kb": 106804,
            "ru_stime_sec": 0.012847000000000001,
            "ru_nivcsw": 61,
            "ru_majflt": 0,
            "ru_minflt": 6394
        },
        "ru_self_end": {
            "ru_nvcsw": 34,
            "ru_utime_sec": 0.024577999999999999,
            "ru_maxrss_kb": 113540,
            "ru_stime_sec": 0.054412000000000002,
            "ru_nivcsw": 47,
            "ru_majflt": 2,
            "ru_minflt": 10006
        },
        "peak_mem_kb": 224548
    }
}