{
    "cycles_program_begin": 2641647643069,
    "MlibObjs": {},
    "rlimit": {
        "data": -1,
        "stack": -1
    },
    "perf": [
        {
            "sub": [
                {
                    "sub": [],
                    "stat": [
                        "doParsingAndDesignResolution",
                        "entry",
                        0.16150689125061035,
                        0.025689,
                        0.015900000000000001,
                        209612,
                        210412,
                        0.0,
                        0.0,
                        1666770182.056386,
                        2642125705694
                    ]
                },
                {
                    "sub": [],
                    "stat": [
                        "doParsingAndDesignResolution",
                        "exit",
                        0.18997001647949219,
                        0.027233,
                        0.018352,
                        210444,
                        211092,
                        0.0,
                        0.0,
                        1666770182.0848491,
                        2642216694674
                    ]
                },
                {
                    "sub": [
                        {
                            "sub": [],
                            "stat": [
                                "doUptoVir2VcsNoSepCleanup",
                                "entry",
                                0.20369195938110352,
                                0.028410000000000001,
                                0.021307,
                                211628,
                                211628,
                                0.0,
                                0.0,
                                1666770182.0985711,
                                2642260361130
                            ]
                        },
                        {
                            "sub": [],
                            "stat": [
                                "doUptoVir2VcsNoSepCleanup",
                                "exit",
                                0.24539899826049805,
                                0.029085,
                                0.032721,
                                212892,
                                225228,
                                0.005953,
                                0.0041250000000000002,
                                1666770182.1402781,
                                2642393527682
                            ]
                        },
                        {
                            "sub": [],
                            "stat": [
                                "doRadify_vir2vcsAll",
                                "entry",
                                0.24546194076538086,
                                0.029114999999999999,
                                0.032753999999999998,
                                212892,
                                225228,
                                0.005953,
                                0.0041250000000000002,
                                1666770182.140341,
                                2642393640948
                            ]
                        },
                        {
                            "sub": [],
                            "stat": [
                                "doRadify_vir2vcsAll",
                                "exit",
                                0.25800085067749023,
                                0.029114999999999999,
                                0.035962000000000001,
                                213792,
                                225228,
                                0.005953,
                                0.0041250000000000002,
                                1666770182.15288,
                                2642433711967
                            ]
                        }
                    ],
                    "stat": [
                        "doPostDesignResolutionToVir2Vcs",
                        "entry",
                        0.19042587280273438,
                        0.027689999999999999,
                        0.018352,
                        210444,
                        211092,
                        0.0,
                        0.0,
                        1666770182.085305,
                        2642218008563
                    ]
                },
                {
                    "sub": [],
                    "stat": [
                        "doPostDesignResolutionToVir2Vcs",
                        "exit",
                        0.25803399085998535,
                        0.029114999999999999,
                        0.035996,
                        213792,
                        225228,
                        0.005953,
                        0.0041250000000000002,
                        1666770182.1529131,
                        2642433752334
                    ]
                },
                {
                    "sub": [
                        {
                            "sub": [],
                            "stat": [
                                "DoPass2",
                                "entry",
                                0.30685901641845703,
                                0.029637,
                                0.037046000000000003,
                                212236,
                                225228,
                                0.02376,
                                0.0080249999999999991,
                                1666770182.2017381,
                                2642589666461
                            ]
                        },
                        {
                            "sub": [],
                            "stat": [
                                "DoPass2",
                                "exit",
                                0.31711983680725098,
                                0.031796999999999999,
                                0.041002999999999998,
                                214872,
                                225228,
                                0.02376,
                                0.0097339999999999996,
                                1666770182.2119989,
                                2642622401396
                            ]
                        }
                    ],
                    "stat": [
                        "doGAToPass2",
                        "entry",
                        0.25804591178894043,
                        0.029114999999999999,
                        0.036007999999999998,
                        213792,
                        225228,
                        0.005953,
                        0.0041250000000000002,
                        1666770182.152925,
                        2642433781826
                    ]
                },
                {
                    "sub": [],
                    "stat": [
                        "doGAToPass2",
                        "exit",
                        0.31937694549560547,
                        0.031796999999999999,
                        0.04326,
                        216800,
                        225228,
                        0.02376,
                        0.0097339999999999996,
                        1666770182.214256,
                        2642629687684
                    ]
                }
            ],
            "stat": [
                "main",
                "entry",
                0.011804819107055664,
                0.023996,
                0.0079979999999999999,
                200664,
                200664,
                0.0,
                0.0,
                1666770181.9066839,
                2641647875418
            ]
        },
        {
            "sub": [],