{
    "stat": {
        "peak_mem_kb": 225236,
        "ru_self_cgstart": {
            "ru_nvcsw": 39,
            "ru_minflt": 8730,
            "ru_utime_sec": 0.033216000000000002,
            "ru_stime_sec": 0.029524999999999999,
            "ru_maxrss_kb": 105816,
            "ru_nivcsw": 3,
            "ru_majflt": 0
        },
        "totalObjSize": 118656,
        "nQuads": 436,
        "ru_childs_end": {
            "ru_nvcsw": 25,
            "ru_minflt": 6399,
            "ru_utime_sec": 0.032266999999999997,
            "ru_stime_sec": 0.010885000000000001,
            "ru_maxrss_kb": 105816,
            "ru_nivcsw": 14,
            "ru_majflt": 0
        },
        "ru_childs_cgstart": {
            "ru_nvcsw": 24,
            "ru_minflt": 6172,
            "ru_utime_sec": 0.032266999999999997,
            "ru_stime_sec": 0.0088419999999999992,
            "ru_maxrss_kb": 105816,
            "ru_nivcsw": 14,
            "ru_majflt": 0
        },
        "cpu_cycles_cgstart": 72472390579623,
        "nMops": 933,
        "ru_self_end": {
            "ru_nvcsw": 41,
            "ru_minflt": 9849,
            "ru_utime_sec": 0.037633,
            "ru_stime_sec": 0.036277999999999998,
            "ru_maxrss_kb": 113184,
            "ru_nivcsw": 4,
            "ru_majflt": 0
        },
        "cpu_cycles_end": 72472432697009,
        "cpu_cycles_total": 597499629,
        "outputSizePerQuad": 272.14678899082571,
        "Frontend(%)": 93.680972818311886,
        "CodeGen(%)": 6.3190271816881127,
        "realTime": 0.19879007339477539
    },
    "cycles_program_begin": 72471835197380,
    "perf": [
        {
            "sub": [
                {
                    "sub": [],
                    "stat": [
                        "doParsingAndDesignResolution",
                        "entry",
                        0.12474393844604492,
                        0.027060000000000001,
                        0.015462,
                        209620,
                        210420,
                        0.0,
                        0.0,
                        1664633318.585588,
                        72472196452657
                    ]
                },
                {
                    "sub": [],
                    "stat": [
                        "doParsingAndDesignResolution",
                        "exit",
                        0.12774991989135742,
                        0.027144000000000001,
                        0.018383,
                        210456,
                        211104,
                        0.0,
                        0.0,
                        1664633318.588594,
                        72472206067542
                    ]
                },
                {
                    "sub": [
                        {
                            "sub": [],
                            "stat": [
                                "doUptoVir2VcsNoSepCleanup",
                                "entry",
                                0.13013386726379395,
                                0.027949000000000002,
                                0.019963000000000002,
                                211748,
                                211748,
                                0.0,
                                0.0,
                                1664633318.5909779,
                                72472213641856
                            ]
                        },
                        {
                            "sub": [],
                            "stat": [
                                "doUptoVir2VcsNoSepCleanup",
                                "exit",
                                0.15024590492248535,
                                0.030606999999999999,
                                0.027206000000000001,
                                212900,
                                225236,
                                0.0089040000000000005,
                                0.001433,
                                1664633318.6110899,
                                72472277888181
                            ]
                        },
                        {
                            "sub": [],
                            "stat": [
                                "doRadify_vir2vcsAll",
                                "entry",
                                0.15029501914978027,
                                0.030634000000000002,
                                0.027230000000000001,
                                212900,
                                225236,
                                0.0089040000000000005,
                                0.001433,
                                1664633318.6111391,
                                72472277974441
                            ]
                        },
                        {
                            "sub": [],
                            "stat": [
                                "doRadify_vir2vcsAll",
                                "exit",
                                0.15358400344848633,
                                0.032374,
                                0.028777,
                                213800,
                                225236,
                                0.0089040000000000005,
                                0.001433,
                                1664633318.614428,
                                72472288593911
                            ]
                        }
                    ],
                    "stat": [
                        "doPostDesignResolutionToVir2Vcs",
                        "entry",
                        0.12802696228027344,
                        0.027144000000000001,
                        0.01866,
                        210456,
                        211104,
                        0.0,
                        0.0,
                        1664633318.588871,
                        72472206922742
                    ]
                },
                {
                    "sub": [],
                    "stat": [
                        "doPostDesignResolutionToVir2Vcs",
                        "exit",
                        0.15363907814025879,
                        0.032404000000000002,
                        0.028804,
                        213800,
                        225236,
                        0.0089040000000000005,
                        0.001433,
                        1664633318.6144831,
                        72472288648906
                    ]
                },
                {
                    "sub": [
                        {
                            "sub": [],
                            "stat": [
                                "DoPass2",
                                "entry",
                                0.1855309009552002,
                                0.033189999999999997,
                                0.029502,
                                212244,
                                225236,
                                0.032266999999999997,
                                0.0088419999999999992,
                                1664633318.6463749,
                                72472390518961
                            ]
                        },
                        {
                            "sub": [],