{
    "ObjArchives": [
        {
            "archive": "archive.16/_64037_archive_1.a",
            "objects": [
                [
                    "amcQwB.o",
                    105706
                ]
            ],
            "size": 105706
        }
    ],
    "Modules": {
        "...MASTER...": {
            "start_perf": [
                0.27010893821716309,
                0.026737,
                0.050132000000000003,
                212232,
                225216,
                1666851019.2438869,
                260675114891855
            ],
            "child_modules": {
                "tb_seqdet": 1,
                "std": 1
            },
            "end_perf": [
                0.27533888816833496,
                0.026737,
                0.052248000000000003,
                213700,
                225216,
                260675131615733,
                0,
                0
            ],
            "nRouts": 5,
            "nQuads": 0,
            "nMops": 0
        },
        "std": {
            "start_perf": [
                0.27544188499450684,
                0.026737,
                0.052350000000000001,
                213700,
                225216,
                1666851019.2492199,
                260675131897433
            ],
            "child_modules": {},
            "svclass": [
                "$vcs_nba_dyn_obj",
                0,
                37,
                2,
                2,
                0,
                "sigprop$$",
                0,
                37,
                2,
                2,
                0,
                "process",
                0,
                184,
                8,
                8,
                0,
                "event",
                0,
                36,
                2,
                2,
                0,
                "mailbox",
                0,
                107,
                9,
                9,
                0,
                "semaphore",
                0,
                71,
                5,
                5,
                0
            ],
            "Compiled": "Yes",
            "Compiled Times": 17,
            "end_perf": [
                0.27819395065307617,
                0.026737,
                0.055101999999999998,
                213700,
                225216,
                260675140700177,
                8589934594,
                0
            ],
            "nQuads": 218,
            "nMops": 472,
            "nRouts": 33
        },
        "tb_seqdet": {
            "start_perf": [
                0.27823495864868164,
                0.026737,
                0.055142999999999998,
                213700,
                225216,
                1666851019.252013,
                260675140771145
            ],
            "child_modules": {},
            "Compiled": "Yes",
            "Compiled Times": 17,
            "end_perf": [
                0.28008508682250977,
                0.028587000000000001,
                0.055142999999999998,
                214000,
                225216,
                260675146717027,
                17179869185,
                0
            ],
            "nRouts": 21,
            "nQuads": 218,
            "nMops": 461
        }
    },
    "CompUnits": {},
    "reusePaths": {
        "amcQw_d": {
            "icPath": "csrc"
        },
        "reYIK_d": {
            "icPath": "csrc"
        },
        "fD06E_d": {
            "icPath": "csrc"
        }
    },
    "stat": {
        "ru_self_end": {
            "ru_utime_sec": 0.029654,
            "ru_stime_sec": 0.058749000000000003,
            "ru_maxrss_kb": 112812,
            "ru_nvcsw": 67,
            "ru_minflt": 9639,
            "ru_majflt": 17,
            "ru_nivcsw": 8
        },
        "ru_childs_end": {
            "ru_utime_sec": 0.025534999999999999,
            "ru_stime_sec": 0.013055000000000001,
            "ru_maxrss_kb": 106080,
            "ru_nvcsw": 26,
            "ru_minflt": 5170,
            "ru_majflt": 0,
            "ru_nivcsw": 0
        },
        "cpu_cycles_end": 260675166564280,
        "peak_mem_kb": 225216
    }
}