{
    "Modules": {
        "...MASTER...": {
            "nQuads": 0,
            "start_perf": [
                0.32605099678039551,
                0.029229999999999999,
                0.077948000000000003,
                212268,
                225264,
                1677163163.877496,
                1075371803454961
            ],
            "child_modules": {
                "tb_seqdet": 1,
                "std": 1
            },
            "end_perf": [
                0.33639001846313477,
                0.029229999999999999,
                0.079417000000000001,
                213708,
                225264,
                1075371836486052,
                0,
                0
            ],
            "nMops": 0,
            "nRouts": 5
        },
        "std": {
            "start_perf": [
                0.3364570140838623,
                0.029229999999999999,
                0.079482999999999998,
                213708,
                225264,
                1677163163.887902,
                1075371836663893
            ],
            "nQuads": 218,
            "child_modules": {},
            "nRouts": 33,
            "Compiled": "Yes",
            "Compiled Times": 18,
            "nMops": 472,
            "end_perf": [
                0.33857488632202148,
                0.029229999999999999,
                0.0814,
                213708,
                225264,
                1075371843451083,
                8589934594,
                0
            ],
            "svclass": [
                "$vcs_nba_dyn_obj",
                0,
                37,
                2,
                2,
                0,
                "sigprop$$",
                0,
                37,
                2,
                2,
                0,
                "process",
                0,
                184,
                8,
                8,
                0,
                "event",
                0,
                36,
                2,
                2,
                0,
                "mailbox",
                0,
                107,
                9,
                9,
                0,
                "semaphore",
                0,
                71,
                5,
                5,
                0
            ]
        },
        "tb_seqdet": {
            "nQuads": 218,
            "start_perf": [
                0.3386080265045166,
                0.029229999999999999,
                0.081434000000000006,
                213708,
                225264,
                1677163163.890053,
                1075371843517266
            ],
            "child_modules": {},
            "nRouts": 21,
            "Compiled": "Yes",
            "nMops": 461,
            "Compiled Times": 18,
            "end_perf": [
                0.34019899368286133,
                0.030821999999999999,
                0.081434000000000006,
                214012,
                225264,
                1075371848622123,
                17179869185,
                0
            ]
        }
    },
    "CompUnits": {},
    "reusePaths": {
        "amcQw_d": {
            "icPath": "csrc"
        },
        "reYIK_d": {
            "icPath": "csrc"
        },
        "fD06E_d": {
            "icPath": "csrc"
        }
    },
    "ObjArchives": [
        {
            "archive": "archive.17/_216168_archive_1.a",
            "objects": [
                [
                    "amcQwB.o",
                    105706
                ]
            ],
            "size": 105706
        }
    ],
    "stat": {
        "ru_childs_end": {
            "ru_nvcsw": 28,
            "ru_utime_sec": 0.018572000000000002,
            "ru_stime_sec": 0.012942,
            "ru_maxrss_kb": 106296,
            "ru_nivcsw": 1,
            "ru_minflt": 5180,
            "ru_majflt": 1
        },
        "ru_self_end": {
            "ru_nvcsw": 66,
            "ru_utime_sec": 0.032475999999999998,
            "ru_stime_sec": 0.083510000000000001,
            "ru_maxrss_kb": 113104,
            "ru_nivcsw": 10,
            "ru_minflt": 9657,
            "ru_majflt": 0
        },
        "cpu_cycles_end": 1075371863240610,
        "peak_mem_kb": 225264
    }
}