{
    "Modules": {
        "...MASTER...": {
            "nQuads": 0,
            "start_perf": [
                1.5697760581970215,
                0.022751,
                0.082541000000000003,
                212084,
                225144,
                1664624529.3166361,
                44416882470939
            ],
            "end_perf": [
                1.6468260288238525,
                0.022751,
                0.089176000000000005,
                214504,
                225144,
                44417128385015,
                0,
                0
            ],
            "child_modules": {
                "tb_seqdet": 1,
                "std": 1
            },
            "nMops": 0,
            "nRouts": 5
        },
        "std": {
            "nQuads": 218,
            "start_perf": [
                1.6469118595123291,
                0.022751,
                0.089262999999999995,
                214504,
                225144,
                1664624529.3937719,
                44417128607020
            ],
            "end_perf": [
                1.7653179168701172,
                0.022751,
                0.10016899999999999,
                218844,
                225144,
                44417506609163,
                8589934594,
                0
            ],
            "child_modules": {},
            "Compiled": "Yes",
            "significant_routs": [
                [
                    7,
                    "F_VCSgd_reYIK_7_0",
                    56128211,
                    451,
                    32
                ],
                [
                    9,
                    "F_VCSgd_reYIK_9_0",
                    56581459,
                    68,
                    11
                ],
                [
                    24,
                    "F_VCSgd_reYIK_24_0",
                    182301651,
                    990,
                    97
                ]
            ],
            "Compiled Times": 1,
            "svclass": [
                "$vcs_nba_dyn_obj",
                385,
                37,
                2,
                2,
                0,
                "sigprop$$",
                385,
                37,
                2,
                2,
                0,
                "process",
                1645,
                184,
                8,
                8,
                0,
                "event",
                462,
                36,
                2,
                2,
                0,
                "mailbox",
                912,
                107,
                9,
                9,
                0,
                "semaphore",
                672,
                71,
                5,
                5,
                0
            ],
            "nMops": 472,
            "nRouts": 33
        },
        "tb_seqdet": {
            "nQuads": 229,
            "start_perf": [
                1.7653629779815674,
                0.022751,
                0.100215,
                218844,
                225144,
                1664624529.512223,
                44417506691208
            ],
            "end_perf": [
                1.8059539794921875,
                0.026870000000000002,
                0.102107,
                218844,
                225144,
                44417636451167,
                17179869185,
                0
            ],
            "child_modules": {},
            "Compiled": "Yes",
            "significant_routs": [
                [
                    3,
                    "R_VCSgd_fD06E_3",
                    67307971,
                    205,
                    39
                ]
            ],
            "Compiled Times": 1,
            "nMops": 411,
            "nRouts": 23
        }
    },
    "CompUnits": {
        "amcQw_d": {
            "bytes": 7660,
            "mod": "...MASTER...",
            "out": "objs/amcQw_d.o",
            "mode": 4,
            "text": 434,
            "checksum": 0
        },
        "reYIK_d": {
            "bytes": 35164,
            "mod": "std",
            "cls": 4461,
            "out": "reYIK_d.o",
            "mode": 4,
            "text": 4742,
            "checksum": 0,
            "archive": "archive.0/_28736_archive_1.a"
        },
        "fD06E_d": {
            "bytes": 13320,
            "mod": "tb_seqdet",
            "out": "fD06E_d.o",
            "mode": 4,
            "text": 3155,
            "checksum": 0,
            "archive": "archive.0/_28736_archive_1.a"
        }
    },
    "reusePaths": {},
    "ObjArchives": [
        {
            "archive": "archive.0/_28736_archive_1.a",
            "objects": [
                [
                    "reYIK_d.o",
                    35164
                ],
                [
                    "fD06E_d.o",
                    13320
                ],
                [
                    "amcQwB.o",
                    106614
                ]
            ],
            "size": 155098
        }
    ],
    "stat": {
        "ru_self_end": {
            "ru_maxrss_kb": 114572,
            "ru_utime_sec": 0.031709000000000001,
            "ru_nivcsw": 29,
            "ru_stime_sec": 0.105699,
            "ru_minflt": 9968,
            "ru_nvcsw": 1179,
            "ru_majflt": 323
        },
        "ru_childs_end": {
            "ru_maxrss_kb": 105552,
            "ru_utime_sec": 0.031791,
            "ru_nivcsw": 2,
            "ru_stime_sec": 0.030789,
            "ru_minflt": 6354,
            "ru_nvcsw": 693,
            "ru_majflt": 48
        },
        "cpu_cycles_end": 44417870090813,
        "peak_mem_kb": 225144
    }
}