{
    "Modules": {
        "tb_seqdet": {
            "nQuads": 218,
            "start_perf": [
                0.19116401672363281,
                0.034042000000000003,
                0.032265000000000002,
                213712,
                225236,
                1664633318.6520081,
                72472408424317
            ],
            "child_modules": {},
            "Compiled": "Yes",
            "Compiled Times": 15,
            "end_perf": [
                0.19535493850708008,
                0.037103999999999998,
                0.033392999999999999,
                217364,
                225236,
                72472421838089,
                17179869185,
                0
            ],
            "nMops": 461,
            "nRouts": 21
        },
        "...MASTER...": {
            "nQuads": 0,
            "start_perf": [
                0.18561291694641113,
                0.033232999999999999,
                0.029541000000000001,
                212244,
                225236,
                1664633318.646457,
                72472390720883
            ],
            "child_modules": {
                "tb_seqdet": 1,
                "std": 1
            },
            "end_perf": [
                0.1890869140625,
                0.034002999999999999,
                0.030224999999999998,
                213712,
                225236,
                72472401847121,
                0,
                0
            ],
            "nMops": 0,
            "nRouts": 5
        },
        "std": {
            "nQuads": 218,
            "start_perf": [
                0.18915891647338867,
                0.034042000000000003,
                0.030259999999999999,
                213712,
                225236,
                1664633318.650003,
                72472402043425
            ],
            "child_modules": {},
            "Compiled": "Yes",
            "Compiled Times": 15,
            "end_perf": [
                0.1911320686340332,
                0.034042000000000003,
                0.032231000000000003,
                213712,
                225236,
                72472408362688,
                8589934594,
                0
            ],
            "nMops": 472,
            "svclass": [
                "$vcs_nba_dyn_obj",
                0,
                37,
                2,
                2,
                0,
                "sigprop$$",
                0,
                37,
                2,
                2,
                0,
                "process",
                0,
                184,
                8,
                8,
                0,
                "event",
                0,
                36,
                2,
                2,
                0,
                "mailbox",
                0,
                107,
                9,
                9,
                0,
                "semaphore",
                0,
                71,
                5,
                5,
                0
            ],
            "nRouts": 33
        }
    },
    "ObjArchives": [
        {
            "archive": "archive.14/_56007_archive_1.a",
            "size": 118656,
            "objects": [
                [
                    "fD06E_d.o",
                    12870
                ],
                [
                    "amcQwB.o",
                    105786
                ]
            ]
        }
    ],
    "CompUnits": {
        "fD06E_d": {
            "checksum": 0,
            "mod": "tb_seqdet",
            "out": "fD06E_d.o",
            "text": 2962,
            "bytes": 12870,
            "archive": "archive.14/_56007_archive_1.a",
            "mode": 4
        }
    },
    "reusePaths": {
        "amcQw_d": {
            "icPath": "csrc"
        },
        "reYIK_d": {
            "icPath": "csrc"
        }
    },
    "stat": {
        "ru_self_end": {
            "ru_nvcsw": 41,
            "ru_minflt": 9849,
            "ru_utime_sec": 0.037633,
            "ru_stime_sec": 0.036118999999999998,
            "ru_maxrss_kb": 113184,
            "ru_nivcsw": 4,
            "ru_majflt": 0
        },
        "ru_childs_end": {
            "ru_nvcsw": 25,
            "ru_minflt": 6399,
            "ru_utime_sec": 0.032266999999999997,
            "ru_stime_sec": 0.010885000000000001,
            "ru_maxrss_kb": 105816,
            "ru_nivcsw": 14,
            "ru_majflt": 0
        },
        "cpu_cycles_end": 72472432190922,
        "peak_mem_kb": 225236
    }
}