{
    "stat": {
        "totalObjSize": 106050,
        "realTime": 0.21348905563354492,
        "ru_self_cgstart": {
            "ru_utime_sec": 0.043848999999999999,
            "ru_stime_sec": 0.022956000000000001,
            "ru_minflt": 8744,
            "ru_maxrss_kb": 105564,
            "ru_majflt": 1,
            "ru_nvcsw": 36,
            "ru_nivcsw": 18
        },
        "cpu_cycles_cgstart": 53015817844076,
        "CodeGen(%)": 6.4715140953933474,
        "ru_childs_cgstart": {
            "ru_utime_sec": 0.022703999999999998,
            "ru_stime_sec": 0.017444000000000001,
            "ru_minflt": 6172,
            "ru_maxrss_kb": 105564,
            "ru_majflt": 0,
            "ru_nvcsw": 26,
            "ru_nivcsw": 12
        },
        "nMops": 648,
        "nQuads": 315,
        "outputSizePerQuad": 336.66666666666669,
        "cpu_cycles_end": 53015856562628,
        "ru_self_end": {
            "ru_utime_sec": 0.045798999999999999,
            "ru_stime_sec": 0.030263000000000002,
            "ru_minflt": 9656,
            "ru_maxrss_kb": 111700,
            "ru_majflt": 1,
            "ru_nvcsw": 38,
            "ru_nivcsw": 19
        },
        "ru_childs_end": {
            "ru_utime_sec": 0.025359,
            "ru_stime_sec": 0.017444000000000001,
            "ru_minflt": 6399,
            "ru_maxrss_kb": 105564,
            "ru_majflt": 0,
            "ru_nvcsw": 27,
            "ru_nivcsw": 13
        },
        "cpu_cycles_total": 638805309,
        "peak_mem_kb": 224604,
        "Frontend(%)": 93.528485904606654
    },
    "cpu_cycles_pass2_start": 53015817757160,
    "CurCompileUdps": {},
    "cycles_program_begin": 53015217757319,
    "perf": [
        {
            "stat": [
                "main",
                "entry",
                0.013391017913818359,
                0.026901999999999999,
                0.008482,
                200676,
                200676,
                0.0,
                0.0,
                1664627223.0338321,
                53015218031241
            ],
            "sub": [
                {
                    "stat": [
                        "doParsingAndDesignResolution",
                        "entry",
                        0.12861800193786621,
                        0.036568999999999997,
                        0.0091420000000000008,
                        209620,
                        210420,
                        0.0,
                        0.0,
                        1664627223.1490591,
                        53015585851475
                    ],
                    "sub": []
                },
                {
                    "stat": [
                        "doParsingAndDesignResolution",
                        "exit",
                        0.13188004493713379,
                        0.038946000000000001,
                        0.0097359999999999999,
                        209948,
                        210596,
                        0.0,
                        0.0,
                        1664627223.1523211,
                        53015596256319
                    ],
                    "sub": []
                },
                {
                    "stat": [
                        "doPostDesignResolutionToVir2Vcs",
                        "entry",
                        0.13219499588012695,
                        0.039197000000000003,
                        0.0097990000000000004,
                        209948,
                        210596,
                        0.0,
                        0.0,
                        1664627223.1526361,
                        53015597175230
                    ],
                    "sub": [
                        {
                            "stat": [
                                "doUptoVir2VcsNoSepCleanup",
                                "entry",
                                0.1339569091796875,
                                0.039197000000000003,
                                0.011561,
                                211120,
                                211120,
                                0.0,
                                0.0,
                                1664627223.154398,
                                53015602791637
                            ],
                            "sub": []
                        },
                        {
                            "stat": [
                                "doUptoVir2VcsNoSepCleanup",
                                "exit",
                                0.16575193405151367,
                                0.040544999999999998,
                                0.020271999999999998,
                                212268,
                                224604,
                                0.0067889999999999999,
                                0.0043030000000000004,
                                1664627223.186193,
                                53015704359420
                            ],
                            "sub": []
                        },
                        {
                            "stat": [
                                "doRadify_vir2vcsAll",
                                "entry",
                                0.16581487655639648,
                                0.040587999999999999,
                                0.020294,
                                212268,
                                224604,
                                0.0067889999999999999,
                                0.0043030000000000004,
                                1664627223.1862559,
                                53015704462086
                            ],
                            "sub": []
                        },
                        {
                            "stat": [
                                "doRadify_vir2vcsAll",
                                "exit",
                                0.16904783248901367,
                                0.043797999999999997,
                                0.020294,
                                213932,
                                224604,
                                0.0067889999999999999,
                                0.0043030000000000004,
                                1664627223.1894889,
                                53015714850258
                            ],
                            "sub": []
                        }
                    ]
                },
                {
                    "stat": [
                        "doPostDesignResolutionToVir2Vcs",
                        "exit",
                        0.16908597946166992,
                        0.043837000000000001,
                        0.020294,
                        213932,
                        224604,
                        0.0067889999999999999,
                        0.0043030000000000004,
                        1664627223.189527,
                        53015714895730
                    ],
                    "sub": []
                },
                {
                    "stat": [
                        "doGAToPass2",
                        "entry",
                        0.16909694671630859,
                        0.043848999999999999,
                        0.020294,
                        213932,
                        224604,
                        0.0067889999999999999,
                        0.0043030000000000004,
                        1664627223.189538,
                        53015714928142
                    ],