{
    "Modules": {
        "tb_counter": {
            "nRouts": 17,
            "nMops": 176,
            "start_perf": [
                1.6347458362579346,
                0.046141000000000001,
                0.082334000000000004,
                213788,
                224548,
                1663152818.0817339,
                274892872303047
            ],
            "end_perf": [
                1.6625227928161621,
                0.046141000000000001,
                0.084345000000000003,
                213944,
                224548,
                274892961033656,
                17179869185,
                0
            ],
            "Compiled Times": 2,
            "child_modules": {},
            "Compiled": "Yes",
            "nQuads": 97
        },
        "...MASTER...": {
            "nRouts": 5,
            "nMops": 0,
            "start_perf": [
                1.4693479537963867,
                0.046141000000000001,
                0.073714000000000002,
                212320,
                224548,
                1663152817.9163361,
                274892344408839
            ],
            "end_perf": [
                1.5316579341888428,
                0.046141000000000001,
                0.077586000000000002,
                213788,
                224548,
                274892543293932,
                0,
                0
            ],
            "child_modules": {
                "tb_counter": 1,
                "std": 1
            },
            "nQuads": 0
        },
        "std": {
            "nRouts": 33,
            "start_perf": [
                1.5317399501800537,
                0.046141000000000001,
                0.077649999999999997,
                213788,
                224548,
                1663152817.9787281,
                274892543525457
            ],
            "svclass": [
                "$vcs_nba_dyn_obj",
                0,
                37,
                2,
                2,
                0,
                "sigprop$$",
                0,
                37,
                2,
                2,
                0,
                "process",
                0,
                184,
                8,
                8,
                0,
                "event",
                0,
                36,
                2,
                2,
                0,
                "mailbox",
                0,
                107,
                9,
                9,
                0,
                "semaphore",
                0,
                71,
                5,
                5,
                0
            ],
            "nMops": 472,
            "Compiled Times": 2,
            "end_perf": [
                1.6347057819366455,
                0.046141000000000001,
                0.082294000000000006,
                213788,
                224548,
                274892872236833,
                8589934594,
                0
            ],
            "child_modules": {},
            "Compiled": "Yes",
            "nQuads": 218
        }
    },
    "ObjArchives": [
        {
            "size": 106050,
            "archive": "archive.1/_91805_archive_1.a",
            "objects": [
                [
                    "amcQwB.o",
                    106050
                ]
            ]
        }
    ],
    "CompUnits": {},
    "reusePaths": {
        "amcQw_d": {
            "icPath": "csrc"
        },
        "reYIK_d": {
            "icPath": "csrc"
        },
        "NtmA7_d": {
            "icPath": "csrc"
        }
    },
    "stat": {
        "ru_childs_end": {
            "ru_utime_sec": 0.034252999999999999,
            "ru_minflt": 6407,
            "ru_stime_sec": 0.002977,
            "ru_maxrss_kb": 105204,
            "ru_nivcsw": 12,
            "ru_majflt": 0,
            "ru_nvcsw": 26
        },
        "ru_self_end": {
            "ru_utime_sec": 0.046141000000000001,
            "ru_minflt": 9436,
            "ru_stime_sec": 0.088396000000000002,
            "ru_maxrss_kb": 111380,
            "ru_nivcsw": 30,
            "ru_majflt": 426,
            "ru_nvcsw": 324
        },
        "cpu_cycles_end": 274893127791829,
        "peak_mem_kb": 224548
    }
}