{
    "reusePaths": {
        "amcQw_d": {
            "icPath": "csrc"
        },
        "reYIK_d": {
            "icPath": "csrc"
        }
    },
    "Modules": {
        "...MASTER...": {
            "nMops": 0,
            "start_perf": [
                0.18825697898864746,
                0.022877000000000002,
                0.038129000000000003,
                212328,
                224476,
                1664628082.9561729,
                55760105588574
            ],
            "child_modules": {
                "tb_counter": 1,
                "std": 1
            },
            "end_perf": [
                0.19123697280883789,
                0.023372,
                0.038954000000000003,
                213796,
                224476,
                55760115102208,
                0,
                0
            ],
            "nQuads": 0,
            "nRouts": 5
        },
        "std": {
            "nMops": 472,
            "start_perf": [
                0.19129610061645508,
                0.023394999999999999,
                0.038990999999999998,
                213796,
                224476,
                1664628082.9592121,
                55760115271517
            ],
            "svclass": [
                "$vcs_nba_dyn_obj",
                0,
                37,
                2,
                2,
                0,
                "sigprop$$",
                0,
                37,
                2,
                2,
                0,
                "process",
                0,
                184,
                8,
                8,
                0,
                "event",
                0,
                36,
                2,
                2,
                0,
                "mailbox",
                0,
                107,
                9,
                9,
                0,
                "semaphore",
                0,
                71,
                5,
                5,
                0
            ],
            "child_modules": {},
            "Compiled": "Yes",
            "Compiled Times": 4,
            "end_perf": [
                0.19315195083618164,
                0.024091000000000001,
                0.040150999999999999,
                213796,
                224476,
                55760121214346,
                8589934594,
                0
            ],
            "nQuads": 218,
            "nRouts": 33
        },
        "tb_counter": {
            "nMops": 173,
            "start_perf": [
                0.19318199157714844,
                0.024101999999999998,
                0.040169999999999997,
                213796,
                224476,
                1664628082.961098,
                55760121277651
            ],
            "child_modules": {},
            "Compiled Times": 4,
            "Compiled": "Yes",
            "end_perf": [
                0.19629406929016113,
                0.027213999999999999,
                0.040169999999999997,
                217008,
                224476,
                55760131254614,
                17179869185,
                0
            ],
            "nQuads": 93,
            "nRouts": 16
        }
    },
    "CompUnits": {
        "NtmA7_d": {
            "checksum": 0,
            "bytes": 11536,
            "mod": "tb_counter",
            "out": "NtmA7_d.o",
            "text": 1558,
            "mode": 4,
            "archive": "archive.3/_43321_archive_1.a"
        }
    },
    "ObjArchives": [
        {
            "archive": "archive.3/_43321_archive_1.a",
            "objects": [
                [
                    "NtmA7_d.o",
                    11536
                ],
                [
                    "amcQwB.o",
                    106114
                ]
            ],
            "size": 117650
        }
    ],
    "stat": {
        "ru_childs_end": {
            "ru_utime_sec": 0.014165000000000001,
            "ru_stime_sec": 0.029035999999999999,
            "ru_nvcsw": 26,
            "ru_maxrss_kb": 105624,
            "ru_minflt": 6399,
            "ru_majflt": 0,
            "ru_nivcsw": 7
        },
        "ru_self_end": {
            "ru_utime_sec": 0.027692000000000001,
            "ru_stime_sec": 0.043515999999999999,
            "ru_nvcsw": 41,
            "ru_maxrss_kb": 112348,
            "ru_minflt": 9793,
            "ru_majflt": 0,
            "ru_nivcsw": 31
        },
        "cpu_cycles_end": 55760144795705,
        "peak_mem_kb": 224476
    }
}