{
    "Modules": {
        "...MASTER...": {
            "start_perf": [
                0.27068591117858887,
                0.043291000000000003,
                0.047620000000000003,
                212232,
                225228,
                1661744448.636487,
                3119668323581
            ],
            "nMops": 0,
            "child_modules": {
                "tb_qua_clk": 1,
                "std": 1
            },
            "end_perf": [
                0.27330493927001953,
                0.043291000000000003,
                0.048668000000000003,
                213256,
                225228,
                3119676694899,
                0,
                0
            ],
            "nQuads": 0,
            "nRouts": 5
        },
        "std": {
            "start_perf": [
                0.27335882186889648,
                0.043291000000000003,
                0.048722000000000001,
                213256,
                225228,
                1661744448.6391599,
                3119676855729
            ],
            "nMops": 472,
            "child_modules": {},
            "nRouts": 33,
            "Compiled": "Yes",
            "Compiled Times": 2,
            "end_perf": [
                0.27515792846679688,
                0.044866999999999997,
                0.048945000000000002,
                213640,
                225228,
                3119682609655,
                8589934594,
                0
            ],
            "svclass": [
                "$vcs_nba_dyn_obj",
                0,
                37,
                2,
                2,
                0,
                "sigprop$$",
                0,
                37,
                2,
                2,
                0,
                "process",
                0,
                184,
                8,
                8,
                0,
                "event",
                0,
                36,
                2,
                2,
                0,
                "mailbox",
                0,
                107,
                9,
                9,
                0,
                "semaphore",
                0,
                71,
                5,
                5,
                0
            ],
            "nQuads": 218
        },
        "tb_qua_clk": {
            "start_perf": [
                0.27518486976623535,
                0.044880000000000003,
                0.048959999999999997,
                213640,
                225228,
                1661744448.640986,
                3119682667599
            ],
            "nMops": 67,
            "child_modules": {},
            "nRouts": 16,
            "Compiled": "Yes",
            "Compiled Times": 2,
            "end_perf": [
                0.27731180191040039,
                0.045895999999999999,
                0.050069000000000002,
                216844,
                225228,
                3119689523108,
                17179869185,
                0
            ],
            "nQuads": 60
        }
    },
    "stat": {
        "ru_self_end": {
            "ru_stime_sec": 0.050650000000000001,
            "ru_utime_sec": 0.049507000000000002,
            "ru_maxrss_kb": 111168,
            "ru_nivcsw": 4,
            "ru_minflt": 9619,
            "ru_majflt": 2,
            "ru_nvcsw": 42
        },
        "ru_childs_end": {
            "ru_stime_sec": 0.032680000000000001,
            "ru_utime_sec": 0.037397,
            "ru_maxrss_kb": 105092,
            "ru_nivcsw": 7,
            "ru_minflt": 6366,
            "ru_majflt": 0,
            "ru_nvcsw": 26
        },
        "cpu_cycles_end": 3119702820644,
        "peak_mem_kb": 225228
    },
    "ObjArchives": [
        {
            "archive": "archive.1/_12672_archive_1.a",
            "objects": [
                [
                    "JtNwn_d.o",
                    9522
                ],
                [
                    "amcQwB.o",
                    105614
                ]
            ],
            "size": 115136
        }
    ],
    "CompUnits": {
        "JtNwn_d": {
            "mod": "tb_qua_clk",
            "out": "JtNwn_d.o",
            "checksum": 0,
            "bytes": 9522,
            "archive": "archive.1/_12672_archive_1.a",
            "text": 868,
            "mode": 4
        }
    },
    "reusePaths": {
        "amcQw_d": {
            "icPath": "csrc"
        },
        "reYIK_d": {
            "icPath": "csrc"
        }
    }
}