{
    "cycles_program_begin": 389776100725779,
    "cpu_cycles_pass2_start": 389776690878814,
    "perf": [
        {
            "stat": [
                "main",
                "entry",
                0.011801004409790039,
                0.018671,
                0.014936,
                200668,
                200668,
                0.0,
                0.0,
                1667735443.4230449,
                389776100940713
            ],
            "sub": [
                {
                    "stat": [
                        "doParsingAndDesignResolution",
                        "entry",
                        0.12742304801940918,
                        0.026428,
                        0.016618000000000001,
                        209612,
                        210412,
                        0.0,
                        0.0,
                        1667735443.538667,
                        389776469961389
                    ],
                    "sub": []
                },
                {
                    "stat": [
                        "doParsingAndDesignResolution",
                        "exit",
                        0.13062620162963867,
                        0.026979,
                        0.019271,
                        210480,
                        211128,
                        0.0,
                        0.0,
                        1667735443.5418701,
                        389776480221275
                    ],
                    "sub": []
                },
                {
                    "stat": [
                        "doPostDesignResolutionToVir2Vcs",
                        "entry",
                        0.13089203834533691,
                        0.027133999999999998,
                        0.019380999999999999,
                        210480,
                        211128,
                        0.0,
                        0.0,
                        1667735443.542136,
                        389776481161934
                    ],
                    "sub": [
                        {
                            "stat": [
                                "doUptoVir2VcsNoSepCleanup",
                                "entry",
                                0.13288617134094238,
                                0.029104999999999999,
                                0.019380999999999999,
                                211672,
                                211672,
                                0.0,
                                0.0,
                                1667735443.5441301,
                                389776487386541
                            ],
                            "sub": []
                        },
                        {
                            "stat": [
                                "doUptoVir2VcsNoSepCleanup",
                                "exit",
                                0.15898799896240234,
                                0.039453000000000002,
                                0.023671000000000001,
                                213460,
                                225796,
                                0.0083160000000000005,
                                0.003016,
                                1667735443.5702319,
                                389776570766573
                            ],
                            "sub": []
                        },
                        {
                            "stat": [
                                "doRadify_vir2vcsAll",
                                "entry",
                                0.1590430736541748,
                                0.039488000000000002,
                                0.023692000000000001,
                                213460,
                                225796,
                                0.0083160000000000005,
                                0.003016,
                                1667735443.570287,
                                389776570857043
                            ],
                            "sub": []
                        },
                        {
                            "stat": [
                                "doRadify_vir2vcsAll",
                                "exit",
                                0.16410017013549805,
                                0.044544,
                                0.023692000000000001,
                                214356,
                                225796,
                                0.0083160000000000005,
                                0.003016,
                                1667735443.5753441,
                                389776587133847
                            ],
                            "sub": []
                        }
                    ]
                },
                {
                    "stat": [
                        "doPostDesignResolutionToVir2Vcs",
                        "exit",
                        0.16415810585021973,
                        0.044602999999999997,
                        0.023692000000000001,
                        214356,
                        225796,
                        0.0083160000000000005,
                        0.003016,
                        1667735443.575402,
                        389776587191238
                    ],
                    "sub": []
                },
                {
                    "stat": [
                        "doGAToPass2",
                        "entry",
                        0.16417312622070312,
                        0.044617999999999998,
                        0.023692000000000001,
                        214356,
                        225796,
                        0.0083160000000000005,
                        0.003016,
                        1667735443.575417,
                        389776587220932
                    ],
                    "sub": [
                        {
                            "stat": [
                                "DoPass2",
                                "entry",
                                0.19655299186706543,
                                0.044748999999999997,
                                0.026103999999999999,
                                212800,
                                225796,
                                0.018005,
                                0.01486,
                                1667735443.6077969,
                                389776690847196
                            ],
                            "sub": []
                        },
                        {
                            "stat": [
                                "DoPass2",
                                "exit",
                                0.21003007888793945,
                                0.048703000000000003,
                                0.033716999999999997,
                                217360,
                                225796,
                                0.019899,
                                0.01486,
                                1667735443.621274,
                                389776733693533
                            ],
                            "sub": []
                        }
                    ]
                },
                {
                    "stat": [
                        "doGAToPass2",
                        "exit",
                        0.21351718902587891,
                        0.052191000000000001,
                        0.033716999999999997,
                        217360,
                        225796,
                        0.019899,
                        0.01486,
                        1667735443.6247611,
                        389776744905889
                    ],