{
    "Modules": {
        "seqdet_tb": {
            "start_perf": [
                0.18628096580505371,
                0.040709000000000002,
                0.028421999999999999,
                213728,
                225524,
                1667741451.536047,
                408954051928507
            ],
            "end_perf": [
                0.19053792953491211,
                0.043168999999999999,
                0.030217999999999998,
                217128,
                225524,
                408954065570034,
                17179869185,
                0
            ],
            "Compiled": "Yes",
            "child_modules": {},
            "Compiled Times": 3,
            "nQuads": 211,
            "nMops": 385,
            "nRouts": 24
        },
        "...MASTER...": {
            "start_perf": [
                0.18135309219360352,
                0.040709000000000002,
                0.025243000000000002,
                212288,
                225524,
                1667741451.5311191,
                408954036214657
            ],
            "end_perf": [
                0.18437099456787109,
                0.040709000000000002,
                0.026512999999999998,
                213728,
                225524,
                408954045874139,
                0,
                0
            ],
            "child_modules": {
                "seqdet_tb": 1,
                "std": 1
            },
            "nQuads": 0,
            "nMops": 0,
            "nRouts": 5
        },
        "std": {
            "start_perf": [
                0.18443489074707031,
                0.040709000000000002,
                0.026575999999999999,
                213728,
                225524,
                1667741451.5342009,
                408954046051341
            ],
            "end_perf": [
                0.18625307083129883,
                0.040709000000000002,
                0.028395,
                213728,
                225524,
                408954051865448,
                8589934594,
                0
            ],
            "child_modules": {},
            "Compiled": "Yes",
            "Compiled Times": 3,
            "svclass": [
                "$vcs_nba_dyn_obj",
                0,
                37,
                2,
                2,
                0,
                "sigprop$$",
                0,
                37,
                2,
                2,
                0,
                "process",
                0,
                184,
                8,
                8,
                0,
                "event",
                0,
                36,
                2,
                2,
                0,
                "mailbox",
                0,
                107,
                9,
                9,
                0,
                "semaphore",
                0,
                71,
                5,
                5,
                0
            ],
            "nQuads": 218,
            "nMops": 472,
            "nRouts": 33
        }
    },
    "stat": {
        "peak_mem_kb": 225524,
        "cpu_cycles_end": 408954079588678,
        "ru_self_end": {
            "ru_nvcsw": 43,
            "ru_minflt": 9907,
            "ru_maxrss_kb": 112836,
            "ru_utime_sec": 0.043804999999999997,
            "ru_nivcsw": 5,
            "ru_majflt": 0,
            "ru_stime_sec": 0.033996999999999999
        },
        "ru_childs_end": {
            "ru_nvcsw": 26,
            "ru_minflt": 5171,
            "ru_maxrss_kb": 106260,
            "ru_utime_sec": 0.022261,
            "ru_nivcsw": 2,
            "ru_majflt": 0,
            "ru_stime_sec": 0.010940999999999999
        }
    },
    "CompUnits": {
        "bk3P5_d": {
            "mod": "seqdet_tb",
            "out": "bk3P5_d.o",
            "archive": "archive.2/_82869_archive_1.a",
            "bytes": 13520,
            "checksum": 0,
            "mode": 4,
            "text": 3090
        }
    },
    "reusePaths": {
        "reYIK_d": {
            "icPath": "csrc"
        },
        "amcQw_d": {
            "icPath": "csrc"
        }
    },
    "ObjArchives": [
        {
            "archive": "archive.2/_82869_archive_1.a",
            "size": 119476,
            "objects": [
                [
                    "bk3P5_d.o",
                    13520
                ],
                [
                    "amcQwB.o",
                    105956
                ]
            ]
        }
    ]
}