{
    "CurCompileModules": [
        "...MASTER...",
        "...MASTER...",
        "std",
        "std",
        "tb_parity",
        "tb_parity"
    ],
    "stat": {
        "peak_mem_kb": 224376,
        "nQuads": 290,
        "ru_self_cgstart": {
            "ru_stime_sec": 0.062801999999999997,
            "ru_utime_sec": 0.025647,
            "ru_nvcsw": 186,
            "ru_minflt": 8568,
            "ru_maxrss_kb": 104852,
            "ru_majflt": 228,
            "ru_nivcsw": 19
        },
        "ru_childs_cgstart": {
            "ru_stime_sec": 0.035775000000000001,
            "ru_utime_sec": 0.014874999999999999,
            "ru_nvcsw": 116,
            "ru_minflt": 6095,
            "ru_maxrss_kb": 104852,
            "ru_majflt": 113,
            "ru_nivcsw": 5
        },
        "ru_childs_end": {
            "ru_stime_sec": 0.035775000000000001,
            "ru_utime_sec": 0.014874999999999999,
            "ru_nvcsw": 116,
            "ru_minflt": 6095,
            "ru_maxrss_kb": 104852,
            "ru_majflt": 113,
            "ru_nivcsw": 5
        },
        "CodeGen(%)": 0.0,
        "outputSizePerQuad": 549.91724137931033,
        "cpu_cycles_cgstart": 8430739186873,
        "Frontend(%)": 100.0,
        "cpu_cycles_end": 8431943695283,
        "nMops": 604,
        "totalObjSize": 159476,
        "ru_self_end": {
            "ru_stime_sec": 0.084973999999999994,
            "ru_utime_sec": 0.025647,
            "ru_nvcsw": 222,
            "ru_minflt": 9748,
            "ru_maxrss_kb": 112656,
            "ru_majflt": 301,
            "ru_nivcsw": 28
        },
        "cpu_cycles_total": 5381034245,
        "realTime": 1.6978991031646729
    },
    "CurCompileUdps": {},
    "cycles_program_begin": 8426562661038,
    "perf": [
        {
            "stat": [
                "main",
                "entry",
                0.012137889862060547,
                0.01882,
                0.01882,
                200672,
                200672,
                0.0,
                0.0,
                1664075991.0884049,
                8426562870967
            ],
            "sub": [
                {
                    "stat": [
                        "doParsingAndDesignResolution",
                        "entry",
                        0.12505006790161133,
                        0.021318,
                        0.02596,
                        209620,
                        210420,
                        0.0,
                        0.0,
                        1664075991.2013171,
                        8426923305869
                    ],
                    "sub": []
                },
                {
                    "stat": [
                        "doParsingAndDesignResolution",
                        "exit",
                        0.31594395637512207,
                        0.023473000000000001,
                        0.031297999999999999,
                        209944,
                        210592,
                        0.0,
                        0.0,
                        1664075991.392211,
                        8427532825127
                    ],
                    "sub": []
                },
                {
                    "stat": [
                        "doPostDesignResolutionToVir2Vcs",
                        "entry",
                        0.31634306907653809,
                        0.023644999999999999,
                        0.031526999999999999,
                        209944,
                        210592,
                        0.0,
                        0.0,
                        1664075991.3926101,
                        8427533846083
                    ],
                    "sub": [
                        {
                            "stat": [
                                "doUptoVir2VcsNoSepCleanup",
                                "entry",
                                0.50194311141967773,
                                0.024760999999999998,
                                0.037141,
                                211192,
                                211192,
                                0.0,
                                0.0,
                                1664075991.5782101,
                                8428126409911
                            ],
                            "sub": []
                        },
                        {
                            "stat": [
                                "doUptoVir2VcsNoSepCleanup",
                                "exit",
                                0.92653799057006836,
                                0.025606,
                                0.055480000000000002,
                                212040,
                                224376,
                                0.0078120000000000004,
                                0.0022920000000000002,
                                1664075992.002805,
                                8429481651488
                            ],
                            "sub": []
                        },
                        {
                            "stat": [
                                "doRadify_vir2vcsAll",
                                "entry",
                                0.92666792869567871,
                                0.025647,
                                0.055569,
                                212040,
                                224376,
                                0.0078120000000000004,
                                0.0022920000000000002,
                                1664075992.0029349,
                                8429482024547
                            ],
                            "sub": []
                        },
                        {
                            "stat": [
                                "doRadify_vir2vcsAll",
                                "exit",
                                0.9628911018371582,
                                0.025647,
                                0.061163000000000002,
                                213640,
                                224376,
                                0.0078120000000000004,
                                0.0022920000000000002,
                                1664075992.0391581,
                                8429597677499
                            ],
                            "sub": []
                        }
                    ]
                },
                {
                    "stat": [
                        "doPostDesignResolutionToVir2Vcs",
                        "exit",
                        0.96292591094970703,
                        0.025647,
                        0.061199999999999997,
                        213640,
                        224376,
                        0.0078120000000000004,
                        0.0022920000000000002,
                        1664075992.0391929,
                        8429597720965
                    ],
                    "sub": []
                },
                {
                    "stat": [
                        "doGAToPass2",
                        "entry",
                        0.96293902397155762,
                        0.025647,
                        0.061212000000000003,
                        213640,
                        224376,
                        0.0078120000000000004,
                        0.0022920000000000002,
                        1664075992.039206,
                        8429597753915
                    ],