{
    "Modules": {
        "...MASTER...": {
            "start_perf": [
                0.20633292198181152,
                0.037287000000000001,
                0.033557999999999998,
                212244,
                225240,
                1664076117.6424839,
                8830525805274
            ],
            "child_modules": {
                "std": 1,
                "tb_parity": 1
            },
            "end_perf": [
                0.21133089065551758,
                0.038496000000000002,
                0.034646000000000003,
                213684,
                225240,
                8830541844270,
                0,
                0
            ],
            "nMops": 0,
            "nQuads": 0,
            "nRouts": 5
        },
        "tb_parity": {
            "start_perf": [
                0.21449494361877441,
                0.038565000000000002,
                0.037742999999999999,
                213684,
                225240,
                1664076117.650646,
                8830551827903
            ],
            "child_modules": {},
            "end_perf": [
                0.21825194358825684,
                0.041931000000000003,
                0.038119,
                216980,
                225240,
                8830563943294,
                17179869185,
                0
            ],
            "Compiled": "Yes",
            "nRouts": 14,
            "Compiled Times": 2,
            "nMops": 141,
            "nQuads": 66
        },
        "std": {
            "start_perf": [
                0.21146202087402344,
                0.038565000000000002,
                0.034708000000000003,
                213684,
                225240,
                1664076117.647613,
                8830542182628
            ],
            "child_modules": {},
            "end_perf": [
                0.21444296836853027,
                0.038565000000000002,
                0.037690000000000001,
                213684,
                225240,
                8830551732343,
                8589934594,
                0
            ],
            "Compiled": "Yes",
            "Compiled Times": 2,
            "svclass": [
                "$vcs_nba_dyn_obj",
                0,
                37,
                2,
                2,
                0,
                "sigprop$$",
                0,
                37,
                2,
                2,
                0,
                "process",
                0,
                184,
                8,
                8,
                0,
                "event",
                0,
                36,
                2,
                2,
                0,
                "mailbox",
                0,
                107,
                9,
                9,
                0,
                "semaphore",
                0,
                71,
                5,
                5,
                0
            ],
            "nMops": 472,
            "nQuads": 218,
            "nRouts": 33
        }
    },
    "CompUnits": {
        "vbhCQ_d": {
            "mode": 4,
            "mod": "tb_parity",
            "out": "vbhCQ_d.o",
            "archive": "archive.1/_15779_archive_1.a",
            "checksum": 0,
            "text": 1291,
            "bytes": 10106
        }
    },
    "reusePaths": {
        "reYIK_d": {
            "icPath": "csrc"
        },
        "amcQw_d": {
            "icPath": "csrc"
        }
    },
    "ObjArchives": [
        {
            "archive": "archive.1/_15779_archive_1.a",
            "size": 115798,
            "objects": [
                [
                    "vbhCQ_d.o",
                    10106
                ],
                [
                    "amcQwB.o",
                    105692
                ]
            ]
        }
    ],
    "stat": {
        "peak_mem_kb": 225240,
        "ru_self_end": {
            "ru_nivcsw": 8,
            "ru_utime_sec": 0.042812999999999997,
            "ru_minflt": 9636,
            "ru_stime_sec": 0.042339000000000002,
            "ru_maxrss_kb": 111036,
            "ru_majflt": 3,
            "ru_nvcsw": 42
        },
        "ru_childs_end": {
            "ru_nivcsw": 16,
            "ru_utime_sec": 0.031454999999999997,
            "ru_minflt": 6393,
            "ru_stime_sec": 0.010619999999999999,
            "ru_maxrss_kb": 105784,
            "ru_majflt": 0,
            "ru_nvcsw": 26
        },
        "cpu_cycles_end": 8830580311860
    }
}